/*******************************************************************************
 * Size: 16 px
 * Bpp: 4
 * Opts: --font fonts_src\Montserrat.ttf --range 0x20-0x7F,0xA0-0xFF,0x2022,0x2026 --font fonts_src\Sarabun-Regular.ttf --range 0x0E00-0x0E7F --font .pio\libdeps\wt32-sc01-plus\lvgl\scripts\built_in_font\FontAwesome5-Solid+Brands+Regular.woff --range 0xF001,0xF008,0xF00B,0xF00C,0xF00D,0xF011,0xF013,0xF015,0xF019,0xF01C,0xF021,0xF026,0xF027,0xF028,0xF03E,0xF043,0xF048,0xF04B,0xF04C,0xF04D,0xF051,0xF052,0xF053,0xF054,0xF067,0xF068,0xF06E,0xF070,0xF071,0xF074,0xF077,0xF078,0xF079,0xF07B,0xF093,0xF095,0xF0C4,0xF0C5,0xF0C7,0xF0C9,0xF0E0,0xF0E7,0xF0EA,0xF0F3,0xF11C,0xF124,0xF158,0xF1EB,0xF240,0xF241,0xF242,0xF243,0xF244,0xF287,0xF293,0xF2ED,0xF304,0xF55A,0xF7C2,0xF8A2 --size 16 --format lvgl --bpp 4 --no-compress --autohint-strong --lv-include lvgl.h --force-fast-kern-format -o src\lv_font_montserrat_16.c
 ******************************************************************************/

#ifdef LV_LVGL_H_INCLUDE_SIMPLE
#include "lvgl.h"
#else
#include "lvgl.h"
#endif

#if 1  /* custom font: always compile */

/*-----------------
 *    BITMAPS
 *----------------*/

/*Store the image of the glyphs*/
static LV_ATTRIBUTE_LARGE_CONST const uint8_t glyph_bitmap[] = {
    /* U+0020 " " */

    /* U+0021 "!" */
    0xbf, 0xb, 0xf0, 0xaf, 0xa, 0xe0, 0x9e, 0x8,
    0xd0, 0x8c, 0x7, 0xc0, 0x0, 0x0, 0x10, 0xbf,
    0x1a, 0xe0,

    /* U+0022 "\"" */
    0xf5, 0x1f, 0x3f, 0x51, 0xf3, 0xe4, 0xf, 0x3e,
    0x40, 0xf2, 0x72, 0x8, 0x10,

    /* U+0023 "#" */
    0x0, 0x5, 0xc0, 0x3, 0xe0, 0x0, 0x0, 0x7a,
    0x0, 0x5c, 0x0, 0x0, 0x9, 0x80, 0x7, 0xa0,
    0x1, 0xff, 0xff, 0xff, 0xff, 0xfd, 0x3, 0x3e,
    0x73, 0x3c, 0x83, 0x30, 0x0, 0xf2, 0x0, 0xc5,
    0x0, 0x0, 0xf, 0x10, 0xe, 0x30, 0x0, 0x2,
    0xf0, 0x0, 0xf2, 0x0, 0x9f, 0xff, 0xff, 0xff,
    0xff, 0x41, 0x38, 0xc3, 0x36, 0xe3, 0x30, 0x0,
    0x89, 0x0, 0x5c, 0x0, 0x0, 0xa, 0x70, 0x7,
    0xa0, 0x0,

    /* U+0024 "$" */
    0x0, 0x0, 0x79, 0x0, 0x0, 0x0, 0x0, 0x79,
    0x0, 0x0, 0x0, 0x5c, 0xff, 0xe9, 0x20, 0x6,
    0xfc, 0xbc, 0x9e, 0x90, 0xe, 0xb0, 0x79, 0x0,
    0x10, 0xf, 0x80, 0x79, 0x0, 0x0, 0xd, 0xf5,
    0x79, 0x0, 0x0, 0x3, 0xef, 0xfd, 0x50, 0x0,
    0x0, 0x6, 0xcf, 0xfe, 0x40, 0x0, 0x0, 0x79,
    0x5e, 0xf1, 0x0, 0x0, 0x79, 0x5, 0xf3, 0x7,
    0x0, 0x79, 0x7, 0xf1, 0x2f, 0xe9, 0xbc, 0xaf,
    0xa0, 0x3, 0xae, 0xff, 0xd7, 0x0, 0x0, 0x0,
    0x79, 0x0, 0x0, 0x0, 0x0, 0x79, 0x0, 0x0,

    /* U+0025 "%" */
    0x3, 0xde, 0x80, 0x0, 0x5, 0xd0, 0x0, 0xe4,
    0xc, 0x50, 0x1, 0xe3, 0x0, 0x4c, 0x0, 0x5a,
    0x0, 0xa9, 0x0, 0x6, 0xa0, 0x4, 0xc0, 0x4e,
    0x0, 0x0, 0x4c, 0x0, 0x5a, 0xd, 0x50, 0x0,
    0x0, 0xe4, 0x1c, 0x58, 0xa0, 0x0, 0x0, 0x3,
    0xce, 0x73, 0xe1, 0x3c, 0xe9, 0x0, 0x0, 0x0,
    0xd6, 0xe, 0x40, 0xa8, 0x0, 0x0, 0x7c, 0x3,
    0xc0, 0x3, 0xd0, 0x0, 0x2e, 0x20, 0x3c, 0x0,
    0x3d, 0x0, 0xb, 0x70, 0x0, 0xe2, 0x9, 0x80,
    0x6, 0xd0, 0x0, 0x4, 0xdd, 0xa0,

    /* U+0026 "&" */
    0x0, 0x9, 0xef, 0xb1, 0x0, 0x0, 0x9, 0xe4,
    0x3c, 0xa0, 0x0, 0x0, 0xd9, 0x0, 0x7d, 0x0,
    0x0, 0xc, 0xc0, 0x1c, 0xa0, 0x0, 0x0, 0x3f,
    0xae, 0xc1, 0x0, 0x0, 0x1, 0xdf, 0xc0, 0x0,
    0x0, 0x3, 0xeb, 0x8f, 0x70, 0x18, 0x0, 0xdb,
    0x0, 0x7f, 0x65, 0xf0, 0x3f, 0x40, 0x0, 0x8f,
    0xea, 0x3, 0xf7, 0x0, 0x0, 0xcf, 0x70, 0xb,
    0xf9, 0x66, 0xcf, 0xbf, 0x40, 0x8, 0xdf, 0xea,
    0x30, 0xa5, 0x0, 0x0, 0x0, 0x0, 0x0, 0x0,

    /* U+0027 "'" */
    0xf5, 0xf5, 0xe4, 0xe4, 0x72,

    /* U+0028 "(" */
    0x0, 0xda, 0x5, 0xf2, 0xb, 0xc0, 0xf, 0x70,
    0x3f, 0x40, 0x5f, 0x20, 0x6f, 0x10, 0x7f, 0x0,
    0x6f, 0x10, 0x5f, 0x20, 0x3f, 0x40, 0xf, 0x70,
    0xb, 0xc0, 0x5, 0xf2, 0x0, 0xda,

    /* U+0029 ")" */
    0x3f, 0x30, 0xc, 0xb0, 0x6, 0xf1, 0x1, 0xf6,
    0x0, 0xe9, 0x0, 0xbc, 0x0, 0xad, 0x0, 0xae,
    0x0, 0xad, 0x0, 0xbc, 0x0, 0xe9, 0x1, 0xf6,
    0x6, 0xf1, 0xc, 0xb0, 0x3f, 0x30,

    /* U+002A "*" */
    0x0, 0x4a, 0x0, 0x6, 0x74, 0xa4, 0xa0, 0x2b,
    0xff, 0xe5, 0x0, 0x7f, 0xfb, 0x20, 0x7b, 0x6b,
    0x8d, 0x0, 0x4, 0xa0, 0x0, 0x0, 0x13, 0x0,
    0x0,

    /* U+002B "+" */
    0x0, 0x5, 0x10, 0x0, 0x0, 0xf, 0x50, 0x0,
    0x0, 0xf, 0x50, 0x0, 0x1, 0x1f, 0x51, 0x10,
    0xef, 0xff, 0xff, 0xf3, 0x34, 0x4f, 0x74, 0x40,
    0x0, 0xf, 0x50, 0x0, 0x0, 0xf, 0x50, 0x0,

    /* U+002C "," */
    0x9, 0x52, 0xfd, 0xb, 0xa0, 0xc5, 0xf, 0x0,

    /* U+002D "-" */
    0x1, 0x11, 0x10, 0x1f, 0xff, 0xf3, 0x4, 0x44,
    0x40,

    /* U+002E "." */
    0x3, 0x12, 0xfc, 0x1e, 0x90,

    /* U+002F "/" */
    0x0, 0x0, 0x5, 0xf1, 0x0, 0x0, 0xa, 0xb0,
    0x0, 0x0, 0xf, 0x60, 0x0, 0x0, 0x5f, 0x10,
    0x0, 0x0, 0xab, 0x0, 0x0, 0x0, 0xf6, 0x0,
    0x0, 0x5, 0xf1, 0x0, 0x0, 0xa, 0xb0, 0x0,
    0x0, 0xf, 0x60, 0x0, 0x0, 0x4f, 0x10, 0x0,
    0x0, 0xac, 0x0, 0x0, 0x0, 0xf6, 0x0, 0x0,
    0x4, 0xf1, 0x0, 0x0, 0xa, 0xc0, 0x0, 0x0,
    0xe, 0x60, 0x0, 0x0, 0x4f, 0x10, 0x0, 0x0,

    /* U+0030 "0" */
    0x0, 0x8, 0xef, 0xc5, 0x0, 0x0, 0xcf, 0xa8,
    0xcf, 0x70, 0x7, 0xf5, 0x0, 0xa, 0xf2, 0xd,
    0xc0, 0x0, 0x1, 0xf8, 0x1f, 0x80, 0x0, 0x0,
    0xdc, 0x3f, 0x60, 0x0, 0x0, 0xbd, 0x3f, 0x60,
    0x0, 0x0, 0xbd, 0x1f, 0x80, 0x0, 0x0, 0xdc,
    0xd, 0xc0, 0x0, 0x1, 0xf8, 0x7, 0xf5, 0x0,
    0xa, 0xf2, 0x0, 0xcf, 0xa8, 0xcf, 0x70, 0x0,
    0x8, 0xef, 0xc5, 0x0,

    /* U+0031 "1" */
    0xef, 0xff, 0x36, 0x7a, 0xf3, 0x0, 0x5f, 0x30,
    0x5, 0xf3, 0x0, 0x5f, 0x30, 0x5, 0xf3, 0x0,
    0x5f, 0x30, 0x5, 0xf3, 0x0, 0x5f, 0x30, 0x5,
    0xf3, 0x0, 0x5f, 0x30, 0x5, 0xf3,

    /* U+0032 "2" */
    0x4, 0xbe, 0xfd, 0x70, 0x7, 0xfd, 0x98, 0xcf,
    0x90, 0x28, 0x0, 0x0, 0xbf, 0x0, 0x0, 0x0,
    0x7, 0xf2, 0x0, 0x0, 0x0, 0xaf, 0x0, 0x0,
    0x0, 0x4f, 0x80, 0x0, 0x0, 0x3f, 0xc0, 0x0,
    0x0, 0x3e, 0xc1, 0x0, 0x0, 0x2e, 0xc1, 0x0,
    0x0, 0x2e, 0xd1, 0x0, 0x0, 0x2e, 0xf8, 0x77,
    0x77, 0x46, 0xff, 0xff, 0xff, 0xfa,

    /* U+0033 "3" */
    0x6f, 0xff, 0xff, 0xff, 0x2, 0x77, 0x77, 0x9f,
    0xb0, 0x0, 0x0, 0xc, 0xe1, 0x0, 0x0, 0x9,
    0xf3, 0x0, 0x0, 0x5, 0xf6, 0x0, 0x0, 0x0,
    0xdf, 0xe9, 0x10, 0x0, 0x4, 0x59, 0xfd, 0x0,
    0x0, 0x0, 0x6, 0xf4, 0x0, 0x0, 0x0, 0x3f,
    0x64, 0x40, 0x0, 0x8, 0xf3, 0xbf, 0xc9, 0x8c,
    0xfb, 0x0, 0x7c, 0xff, 0xd7, 0x0,

    /* U+0034 "4" */
    0x0, 0x0, 0x1, 0xeb, 0x0, 0x0, 0x0, 0x0,
    0xbe, 0x10, 0x0, 0x0, 0x0, 0x6f, 0x50, 0x0,
    0x0, 0x0, 0x2f, 0x90, 0x0, 0x0, 0x0, 0xc,
    0xd0, 0x0, 0x0, 0x0, 0x8, 0xf3, 0x1, 0xd5,
    0x0, 0x3, 0xf8, 0x0, 0x2f, 0x60, 0x0, 0xed,
    0x22, 0x23, 0xf7, 0x21, 0x6f, 0xff, 0xff, 0xff,
    0xff, 0x81, 0x55, 0x55, 0x56, 0xf9, 0x52, 0x0,
    0x0, 0x0, 0x2f, 0x60, 0x0, 0x0, 0x0, 0x2,
    0xf6, 0x0,

    /* U+0035 "5" */
    0x5, 0xff, 0xff, 0xff, 0x0, 0x7f, 0x77, 0x77,
    0x70, 0x8, 0xe0, 0x0, 0x0, 0x0, 0xad, 0x0,
    0x0, 0x0, 0xb, 0xc2, 0x10, 0x0, 0x0, 0xdf,
    0xff, 0xfb, 0x30, 0x4, 0x55, 0x68, 0xff, 0x20,
    0x0, 0x0, 0x4, 0xf8, 0x0, 0x0, 0x0, 0xf,
    0x92, 0x50, 0x0, 0x5, 0xf6, 0x8f, 0xd9, 0x8a,
    0xfd, 0x10, 0x5b, 0xef, 0xe9, 0x10,

    /* U+0036 "6" */
    0x0, 0x5, 0xce, 0xfc, 0x60, 0x0, 0x9f, 0xc8,
    0x8b, 0x70, 0x5, 0xf8, 0x0, 0x0, 0x0, 0xc,
    0xd0, 0x0, 0x0, 0x0, 0x1f, 0x80, 0x0, 0x0,
    0x0, 0x2f, 0x68, 0xef, 0xfa, 0x10, 0x3f, 0xee,
    0x64, 0x8f, 0xd0, 0x2f, 0xf1, 0x0, 0x6, 0xf4,
    0xe, 0xc0, 0x0, 0x2, 0xf6, 0x9, 0xf1, 0x0,
    0x6, 0xf3, 0x1, 0xde, 0x86, 0x9f, 0xb0, 0x0,
    0x19, 0xef, 0xd8, 0x0,

    /* U+0037 "7" */
    0x8f, 0xff, 0xff, 0xff, 0xe8, 0xf7, 0x77, 0x77,
    0xfc, 0x8f, 0x0, 0x0, 0x4f, 0x55, 0x90, 0x0,
    0xb, 0xe0, 0x0, 0x0, 0x2, 0xf8, 0x0, 0x0,
    0x0, 0x9f, 0x10, 0x0, 0x0, 0xf, 0xb0, 0x0,
    0x0, 0x6, 0xf4, 0x0, 0x0, 0x0, 0xdd, 0x0,
    0x0, 0x0, 0x3f, 0x70, 0x0, 0x0, 0xa, 0xf1,
    0x0, 0x0, 0x1, 0xf9, 0x0, 0x0,

    /* U+0038 "8" */
    0x0, 0x5c, 0xff, 0xd7, 0x0, 0x6, 0xfc, 0x76,
    0xaf, 0xa0, 0xc, 0xd0, 0x0, 0x9, 0xf1, 0xd,
    0xc0, 0x0, 0x7, 0xf2, 0x7, 0xf7, 0x11, 0x5e,
    0xc0, 0x0, 0xbf, 0xff, 0xfe, 0x10, 0x9, 0xf9,
    0x54, 0x7e, 0xd0, 0x2f, 0x80, 0x0, 0x4, 0xf6,
    0x4f, 0x50, 0x0, 0x0, 0xf8, 0x1f, 0xa0, 0x0,
    0x5, 0xf6, 0x9, 0xfb, 0x76, 0xaf, 0xd0, 0x0,
    0x6c, 0xff, 0xd8, 0x10,

    /* U+0039 "9" */
    0x0, 0x8e, 0xfd, 0x80, 0x0, 0xc, 0xf8, 0x68,
    0xfc, 0x0, 0x5f, 0x50, 0x0, 0x3f, 0x70, 0x8f,
    0x0, 0x0, 0xe, 0xc0, 0x7f, 0x30, 0x0, 0x1f,
    0xf0, 0x1f, 0xd4, 0x13, 0xcf, 0xf1, 0x4, 0xef,
    0xff, 0xa9, 0xf0, 0x0, 0x2, 0x31, 0xa, 0xf0,
    0x0, 0x0, 0x0, 0xe, 0xa0, 0x0, 0x0, 0x0,
    0x9f, 0x30, 0x9, 0xa7, 0x8d, 0xf7, 0x0, 0x7,
    0xdf, 0xeb, 0x40, 0x0,

    /* U+003A ":" */
    0x1e, 0x92, 0xfc, 0x3, 0x10, 0x0, 0x0, 0x0,
    0x0, 0x3, 0x12, 0xfc, 0x1e, 0x90,

    /* U+003B ";" */
    0x1e, 0x92, 0xfc, 0x3, 0x10, 0x0, 0x0, 0x0,
    0x0, 0x0, 0x1, 0xe9, 0x1f, 0xd0, 0xa8, 0xe,
    0x30, 0xa0,

    /* U+003C "<" */
    0x0, 0x0, 0x0, 0x42, 0x0, 0x1, 0x7d, 0xf3,
    0x3, 0x9f, 0xe8, 0x10, 0xbf, 0xb5, 0x0, 0x0,
    0xee, 0x81, 0x0, 0x0, 0x17, 0xdf, 0xb4, 0x0,
    0x0, 0x4, 0xaf, 0xd2, 0x0, 0x0, 0x1, 0x82,

    /* U+003D "=" */
    0xef, 0xff, 0xff, 0xf3, 0x45, 0x55, 0x55, 0x51,
    0x0, 0x0, 0x0, 0x0, 0x1, 0x11, 0x11, 0x10,
    0xef, 0xff, 0xff, 0xf3, 0x34, 0x44, 0x44, 0x40,

    /* U+003E ">" */
    0x50, 0x0, 0x0, 0x0, 0xef, 0x92, 0x0, 0x0,
    0x6, 0xcf, 0xb5, 0x0, 0x0, 0x3, 0x9f, 0xe2,
    0x0, 0x0, 0x6c, 0xf3, 0x2, 0x9e, 0xe9, 0x20,
    0xbf, 0xc6, 0x0, 0x0, 0x93, 0x0, 0x0, 0x0,

    /* U+003F "?" */
    0x4, 0xbe, 0xfd, 0x70, 0x7, 0xfc, 0x77, 0xbf,
    0xa0, 0x27, 0x0, 0x0, 0xcf, 0x0, 0x0, 0x0,
    0x9, 0xf0, 0x0, 0x0, 0x1, 0xea, 0x0, 0x0,
    0x1, 0xdd, 0x10, 0x0, 0x0, 0xce, 0x10, 0x0,
    0x0, 0x3f, 0x60, 0x0, 0x0, 0x1, 0x30, 0x0,
    0x0, 0x0, 0x1, 0x0, 0x0, 0x0, 0x6, 0xf5,
    0x0, 0x0, 0x0, 0x5f, 0x40, 0x0,

    /* U+0040 "@" */
    0x0, 0x0, 0x17, 0xce, 0xfd, 0xb5, 0x0, 0x0,
    0x0, 0x5, 0xfb, 0x53, 0x23, 0x7d, 0xc2, 0x0,
    0x0, 0x6e, 0x40, 0x0, 0x0, 0x0, 0x8e, 0x10,
    0x2, 0xf4, 0x1, 0xae, 0xfa, 0x3f, 0x49, 0xb0,
    0xa, 0x90, 0x1e, 0xe6, 0x5b, 0xef, 0x40, 0xe3,
    0xf, 0x30, 0x8f, 0x10, 0x0, 0xaf, 0x40, 0x98,
    0x1f, 0x0, 0xd9, 0x0, 0x0, 0x3f, 0x40, 0x6a,
    0x3f, 0x0, 0xe8, 0x0, 0x0, 0x1f, 0x40, 0x5c,
    0x1f, 0x0, 0xd9, 0x0, 0x0, 0x3f, 0x40, 0x6a,
    0xf, 0x30, 0x8f, 0x10, 0x0, 0xaf, 0x40, 0x98,
    0xa, 0x90, 0x1e, 0xd6, 0x5a, 0xde, 0xa6, 0xf2,
    0x3, 0xf3, 0x1, 0xaf, 0xfa, 0x16, 0xee, 0x50,
    0x0, 0x6e, 0x40, 0x0, 0x0, 0x0, 0x0, 0x0,
    0x0, 0x6, 0xfb, 0x53, 0x23, 0x75, 0x0, 0x0,
    0x0, 0x0, 0x17, 0xce, 0xfd, 0xa3, 0x0, 0x0,

    /* U+0041 "A" */
    0x0, 0x0, 0x2, 0xfd, 0x0, 0x0, 0x0, 0x0,
    0x0, 0x9f, 0xf4, 0x0, 0x0, 0x0, 0x0, 0xf,
    0x9e, 0xb0, 0x0, 0x0, 0x0, 0x6, 0xf2, 0x7f,
    0x20, 0x0, 0x0, 0x0, 0xdc, 0x1, 0xf8, 0x0,
    0x0, 0x0, 0x4f, 0x60, 0xb, 0xe0, 0x0, 0x0,
    0xb, 0xf0, 0x0, 0x4f, 0x60, 0x0, 0x1, 0xfa,
    0x11, 0x11, 0xed, 0x0, 0x0, 0x8f, 0xff, 0xff,
    0xff, 0xf3, 0x0, 0xe, 0xc4, 0x44, 0x44, 0x4f,
    0xa0, 0x6, 0xf4, 0x0, 0x0, 0x0, 0xaf, 0x10,
    0xcd, 0x0, 0x0, 0x0, 0x2, 0xf8,

    /* U+0042 "B" */
    0x5f, 0xff, 0xff, 0xeb, 0x40, 0x5, 0xf8, 0x55,
    0x57, 0xdf, 0x40, 0x5f, 0x40, 0x0, 0x1, 0xfa,
    0x5, 0xf4, 0x0, 0x0, 0xf, 0xa0, 0x5f, 0x51,
    0x11, 0x3a, 0xf4, 0x5, 0xff, 0xff, 0xff, 0xfa,
    0x0, 0x5f, 0x74, 0x44, 0x59, 0xfa, 0x5, 0xf4,
    0x0, 0x0, 0x8, 0xf2, 0x5f, 0x40, 0x0, 0x0,
    0x5f, 0x45, 0xf4, 0x0, 0x0, 0x9, 0xf2, 0x5f,
    0x85, 0x55, 0x6a, 0xfb, 0x5, 0xff, 0xff, 0xff,
    0xd7, 0x0,

    /* U+0043 "C" */
    0x0, 0x2, 0x8d, 0xfe, 0xb4, 0x0, 0x4, 0xff,
    0xb8, 0x9d, 0xf9, 0x2, 0xfd, 0x20, 0x0, 0x8,
    0x50, 0xbf, 0x20, 0x0, 0x0, 0x0, 0xf, 0xa0,
    0x0, 0x0, 0x0, 0x2, 0xf6, 0x0, 0x0, 0x0,
    0x0, 0x2f, 0x60, 0x0, 0x0, 0x0, 0x0, 0xfa,
    0x0, 0x0, 0x0, 0x0, 0xb, 0xf2, 0x0, 0x0,
    0x0, 0x0, 0x2f, 0xd2, 0x0, 0x0, 0x85, 0x0,
    0x5f, 0xfb, 0x89, 0xdf, 0x80, 0x0, 0x29, 0xdf,
    0xeb, 0x40,

    /* U+0044 "D" */
    0x5f, 0xff, 0xff, 0xea, 0x30, 0x0, 0x5f, 0x97,
    0x77, 0x9e, 0xf8, 0x0, 0x5f, 0x40, 0x0, 0x0,
    0xaf, 0x60, 0x5f, 0x40, 0x0, 0x0, 0xd, 0xe0,
    0x5f, 0x40, 0x0, 0x0, 0x6, 0xf4, 0x5f, 0x40,
    0x0, 0x0, 0x3, 0xf6, 0x5f, 0x40, 0x0, 0x0,
    0x3, 0xf6, 0x5f, 0x40, 0x0, 0x0, 0x6, 0xf4,
    0x5f, 0x40, 0x0, 0x0, 0xd, 0xe0, 0x5f, 0x40,
    0x0, 0x0, 0xaf, 0x60, 0x5f, 0x97, 0x77, 0x9e,
    0xf8, 0x0, 0x5f, 0xff, 0xff, 0xea, 0x30, 0x0,

    /* U+0045 "E" */
    0x5f, 0xff, 0xff, 0xff, 0x95, 0xf9, 0x77, 0x77,
    0x74, 0x5f, 0x40, 0x0, 0x0, 0x5, 0xf4, 0x0,
    0x0, 0x0, 0x5f, 0x51, 0x11, 0x11, 0x5, 0xff,
    0xff, 0xff, 0xe0, 0x5f, 0x74, 0x44, 0x44, 0x5,
    0xf4, 0x0, 0x0, 0x0, 0x5f, 0x40, 0x0, 0x0,
    0x5, 0xf4, 0x0, 0x0, 0x0, 0x5f, 0x97, 0x77,
    0x77, 0x65, 0xff, 0xff, 0xff, 0xfd,

    /* U+0046 "F" */
    0x5f, 0xff, 0xff, 0xff, 0x95, 0xf9, 0x77, 0x77,
    0x74, 0x5f, 0x40, 0x0, 0x0, 0x5, 0xf4, 0x0,
    0x0, 0x0, 0x5f, 0x40, 0x0, 0x0, 0x5, 0xf5,
    0x22, 0x22, 0x10, 0x5f, 0xff, 0xff, 0xfe, 0x5,
    0xf8, 0x55, 0x55, 0x40, 0x5f, 0x40, 0x0, 0x0,
    0x5, 0xf4, 0x0, 0x0, 0x0, 0x5f, 0x40, 0x0,
    0x0, 0x5, 0xf4, 0x0, 0x0, 0x0,

    /* U+0047 "G" */
    0x0, 0x1, 0x8d, 0xfe, 0xb5, 0x0, 0x0, 0x4f,
    0xfb, 0x89, 0xdf, 0xb0, 0x2, 0xfd, 0x20, 0x0,
    0x6, 0x60, 0xb, 0xf2, 0x0, 0x0, 0x0, 0x0,
    0xf, 0xa0, 0x0, 0x0, 0x0, 0x0, 0x2f, 0x60,
    0x0, 0x0, 0x0, 0x0, 0x2f, 0x60, 0x0, 0x0,
    0x9, 0xf0, 0xf, 0xa0, 0x0, 0x0, 0x9, 0xf0,
    0xb, 0xf2, 0x0, 0x0, 0x9, 0xf0, 0x2, 0xfd,
    0x20, 0x0, 0xa, 0xf0, 0x0, 0x4f, 0xfb, 0x89,
    0xdf, 0xc0, 0x0, 0x2, 0x8d, 0xfe, 0xc6, 0x0,

    /* U+0048 "H" */
    0x5f, 0x40, 0x0, 0x0, 0x4f, 0x55, 0xf4, 0x0,
    0x0, 0x4, 0xf5, 0x5f, 0x40, 0x0, 0x0, 0x4f,
    0x55, 0xf4, 0x0, 0x0, 0x4, 0xf5, 0x5f, 0x52,
    0x22, 0x22, 0x5f, 0x55, 0xff, 0xff, 0xff, 0xff,
    0xf5, 0x5f, 0x85, 0x55, 0x55, 0x8f, 0x55, 0xf4,
    0x0, 0x0, 0x4, 0xf5, 0x5f, 0x40, 0x0, 0x0,
    0x4f, 0x55, 0xf4, 0x0, 0x0, 0x4, 0xf5, 0x5f,
    0x40, 0x0, 0x0, 0x4f, 0x55, 0xf4, 0x0, 0x0,
    0x4, 0xf5,

    /* U+0049 "I" */
    0x5f, 0x45, 0xf4, 0x5f, 0x45, 0xf4, 0x5f, 0x45,
    0xf4, 0x5f, 0x45, 0xf4, 0x5f, 0x45, 0xf4, 0x5f,
    0x45, 0xf4,

    /* U+004A "J" */
    0x0, 0xff, 0xff, 0xfa, 0x0, 0x77, 0x77, 0xfa,
    0x0, 0x0, 0x0, 0xfa, 0x0, 0x0, 0x0, 0xfa,
    0x0, 0x0, 0x0, 0xfa, 0x0, 0x0, 0x0, 0xfa,
    0x0, 0x0, 0x0, 0xfa, 0x0, 0x0, 0x0, 0xfa,
    0x0, 0x0, 0x0, 0xf9, 0x7, 0x20, 0x3, 0xf6,
    0xd, 0xe9, 0x8e, 0xf1, 0x1, 0xae, 0xfb, 0x30,

    /* U+004B "K" */
    0x5f, 0x40, 0x0, 0x2, 0xeb, 0x5, 0xf4, 0x0,
    0x1, 0xec, 0x0, 0x5f, 0x40, 0x1, 0xde, 0x10,
    0x5, 0xf4, 0x0, 0xce, 0x20, 0x0, 0x5f, 0x40,
    0xbf, 0x30, 0x0, 0x5, 0xf4, 0x9f, 0x90, 0x0,
    0x0, 0x5f, 0xcf, 0xef, 0x40, 0x0, 0x5, 0xff,
    0x91, 0xee, 0x10, 0x0, 0x5f, 0xa0, 0x3, 0xfc,
    0x0, 0x5, 0xf4, 0x0, 0x6, 0xf8, 0x0, 0x5f,
    0x40, 0x0, 0x9, 0xf5, 0x5, 0xf4, 0x0, 0x0,
    0xc, 0xf2,

    /* U+004C "L" */
    0x5f, 0x40, 0x0, 0x0, 0x5, 0xf4, 0x0, 0x0,
    0x0, 0x5f, 0x40, 0x0, 0x0, 0x5, 0xf4, 0x0,
    0x0, 0x0, 0x5f, 0x40, 0x0, 0x0, 0x5, 0xf4,
    0x0, 0x0, 0x0, 0x5f, 0x40, 0x0, 0x0, 0x5,
    0xf4, 0x0, 0x0, 0x0, 0x5f, 0x40, 0x0, 0x0,
    0x5, 0xf4, 0x0, 0x0, 0x0, 0x5f, 0x97, 0x77,
    0x77, 0x25, 0xff, 0xff, 0xff, 0xf5,

    /* U+004D "M" */
    0x5f, 0x40, 0x0, 0x0, 0x0, 0x1e, 0x95, 0xfc,
    0x0, 0x0, 0x0, 0x8, 0xf9, 0x5f, 0xf5, 0x0,
    0x0, 0x2, 0xff, 0x95, 0xfd, 0xe0, 0x0, 0x0,
    0xae, 0xf9, 0x5f, 0x5f, 0x70, 0x0, 0x3f, 0x5f,
    0x95, 0xf3, 0x8f, 0x10, 0xb, 0xc0, 0xf9, 0x5f,
    0x31, 0xe9, 0x4, 0xf3, 0xf, 0x95, 0xf3, 0x7,
    0xf2, 0xdb, 0x0, 0xf9, 0x5f, 0x30, 0xd, 0xef,
    0x20, 0xf, 0x95, 0xf3, 0x0, 0x5f, 0x90, 0x0,
    0xf9, 0x5f, 0x30, 0x0, 0x71, 0x0, 0xf, 0x95,
    0xf3, 0x0, 0x0, 0x0, 0x0, 0xf9,

    /* U+004E "N" */
    0x5f, 0x50, 0x0, 0x0, 0x4f, 0x55, 0xff, 0x20,
    0x0, 0x4, 0xf5, 0x5f, 0xfd, 0x0, 0x0, 0x4f,
    0x55, 0xfa, 0xf9, 0x0, 0x4, 0xf5, 0x5f, 0x4a,
    0xf5, 0x0, 0x4f, 0x55, 0xf4, 0xd, 0xf2, 0x4,
    0xf5, 0x5f, 0x40, 0x2f, 0xd0, 0x4f, 0x55, 0xf4,
    0x0, 0x6f, 0x94, 0xf5, 0x5f, 0x40, 0x0, 0xaf,
    0xaf, 0x55, 0xf4, 0x0, 0x0, 0xdf, 0xf5, 0x5f,
    0x40, 0x0, 0x2, 0xff, 0x55, 0xf4, 0x0, 0x0,
    0x6, 0xf5,

    /* U+004F "O" */
    0x0, 0x1, 0x8d, 0xfe, 0xb5, 0x0, 0x0, 0x4,
    0xff, 0xb8, 0x9e, 0xfa, 0x0, 0x2, 0xfd, 0x20,
    0x0, 0x8, 0xf9, 0x0, 0xbf, 0x20, 0x0, 0x0,
    0xa, 0xf2, 0xf, 0xa0, 0x0, 0x0, 0x0, 0x3f,
    0x72, 0xf6, 0x0, 0x0, 0x0, 0x0, 0xf9, 0x2f,
    0x60, 0x0, 0x0, 0x0, 0xf, 0x90, 0xfa, 0x0,
    0x0, 0x0, 0x3, 0xf7, 0xb, 0xf2, 0x0, 0x0,
    0x0, 0xaf, 0x20, 0x2f, 0xd2, 0x0, 0x0, 0x8f,
    0x90, 0x0, 0x4f, 0xfb, 0x89, 0xef, 0xa0, 0x0,
    0x0, 0x28, 0xdf, 0xeb, 0x50, 0x0,

    /* U+0050 "P" */
    0x5f, 0xff, 0xff, 0xd7, 0x0, 0x5f, 0x97, 0x78,
    0xbf, 0xc0, 0x5f, 0x40, 0x0, 0x7, 0xf6, 0x5f,
    0x40, 0x0, 0x0, 0xfa, 0x5f, 0x40, 0x0, 0x0,
    0xfa, 0x5f, 0x40, 0x0, 0x3, 0xf8, 0x5f, 0x62,
    0x23, 0x6e, 0xf1, 0x5f, 0xff, 0xff, 0xfd, 0x30,
    0x5f, 0x85, 0x54, 0x20, 0x0, 0x5f, 0x40, 0x0,
    0x0, 0x0, 0x5f, 0x40, 0x0, 0x0, 0x0, 0x5f,
    0x40, 0x0, 0x0, 0x0,

    /* U+0051 "Q" */
    0x0, 0x1, 0x8d, 0xfe, 0xb5, 0x0, 0x0, 0x0,
    0x4e, 0xfb, 0x89, 0xef, 0xa0, 0x0, 0x2, 0xfd,
    0x20, 0x0, 0x8, 0xf9, 0x0, 0xa, 0xf2, 0x0,
    0x0, 0x0, 0xaf, 0x20, 0xf, 0xa0, 0x0, 0x0,
    0x0, 0x3f, 0x70, 0x2f, 0x60, 0x0, 0x0, 0x0,
    0xf, 0x90, 0x2f, 0x60, 0x0, 0x0, 0x0, 0xf,
    0x90, 0x1f, 0x90, 0x0, 0x0, 0x0, 0x2f, 0x70,
    0xb, 0xf1, 0x0, 0x0, 0x0, 0xaf, 0x20, 0x3,
    0xfc, 0x10, 0x0, 0x7, 0xf9, 0x0, 0x0, 0x6f,
    0xfa, 0x78, 0xdf, 0xb0, 0x0, 0x0, 0x3, 0xae,
    0xff, 0xc5, 0x0, 0x0, 0x0, 0x0, 0x0, 0x3e,
    0xd4, 0x15, 0xb0, 0x0, 0x0, 0x0, 0x2, 0xbf,
    0xff, 0x80, 0x0, 0x0, 0x0, 0x0, 0x1, 0x31,
    0x0,

    /* U+0052 "R" */
    0x5f, 0xff, 0xff, 0xd7, 0x0, 0x5f, 0x97, 0x78,
    0xbf, 0xc0, 0x5f, 0x40, 0x0, 0x7, 0xf6, 0x5f,
    0x40, 0x0, 0x0, 0xfa, 0x5f, 0x40, 0x0, 0x0,
    0xfa, 0x5f, 0x40, 0x0, 0x3, 0xf8, 0x5f, 0x52,
    0x23, 0x6e, 0xe1, 0x5f, 0xff, 0xff, 0xfc, 0x30,
    0x5f, 0x85, 0x55, 0xf9, 0x0, 0x5f, 0x40, 0x0,
    0x7f, 0x40, 0x5f, 0x40, 0x0, 0xc, 0xe0, 0x5f,
    0x40, 0x0, 0x2, 0xf9,

    /* U+0053 "S" */
    0x0, 0x5c, 0xef, 0xd9, 0x20, 0x7, 0xfc, 0x87,
    0xaf, 0x90, 0xe, 0xc0, 0x0, 0x1, 0x10, 0xf,
    0x80, 0x0, 0x0, 0x0, 0xd, 0xf5, 0x0, 0x0,
    0x0, 0x3, 0xef, 0xea, 0x50, 0x0, 0x0, 0x5,
    0xae, 0xfe, 0x40, 0x0, 0x0, 0x0, 0x4e, 0xf1,
    0x0, 0x0, 0x0, 0x5, 0xf3, 0x8, 0x0, 0x0,
    0x8, 0xf2, 0x2f, 0xfa, 0x77, 0xbf, 0xa0, 0x2,
    0x9d, 0xff, 0xc7, 0x0,

    /* U+0054 "T" */
    0xff, 0xff, 0xff, 0xff, 0xf5, 0x67, 0x78, 0xfb,
    0x77, 0x72, 0x0, 0x1, 0xf7, 0x0, 0x0, 0x0,
    0x1, 0xf7, 0x0, 0x0, 0x0, 0x1, 0xf7, 0x0,
    0x0, 0x0, 0x1, 0xf7, 0x0, 0x0, 0x0, 0x1,
    0xf7, 0x0, 0x0, 0x0, 0x1, 0xf7, 0x0, 0x0,
    0x0, 0x1, 0xf7, 0x0, 0x0, 0x0, 0x1, 0xf7,
    0x0, 0x0, 0x0, 0x1, 0xf7, 0x0, 0x0, 0x0,
    0x1, 0xf7, 0x0, 0x0,

    /* U+0055 "U" */
    0x6f, 0x30, 0x0, 0x0, 0x8f, 0x16, 0xf3, 0x0,
    0x0, 0x8, 0xf1, 0x6f, 0x30, 0x0, 0x0, 0x8f,
    0x16, 0xf3, 0x0, 0x0, 0x8, 0xf1, 0x6f, 0x30,
    0x0, 0x0, 0x8f, 0x16, 0xf3, 0x0, 0x0, 0x8,
    0xf1, 0x6f, 0x30, 0x0, 0x0, 0x8f, 0x5, 0xf4,
    0x0, 0x0, 0x9, 0xf0, 0x3f, 0x70, 0x0, 0x0,
    0xcd, 0x0, 0xde, 0x20, 0x0, 0x5f, 0x80, 0x4,
    0xff, 0xa8, 0xbf, 0xd0, 0x0, 0x3, 0xbe, 0xfd,
    0x81, 0x0,

    /* U+0056 "V" */
    0xc, 0xe0, 0x0, 0x0, 0x0, 0x6f, 0x30, 0x6f,
    0x50, 0x0, 0x0, 0xc, 0xc0, 0x0, 0xfb, 0x0,
    0x0, 0x3, 0xf6, 0x0, 0x9, 0xf2, 0x0, 0x0,
    0xae, 0x0, 0x0, 0x2f, 0x80, 0x0, 0x1f, 0x90,
    0x0, 0x0, 0xce, 0x0, 0x7, 0xf2, 0x0, 0x0,
    0x5, 0xf6, 0x0, 0xdb, 0x0, 0x0, 0x0, 0xe,
    0xc0, 0x4f, 0x50, 0x0, 0x0, 0x0, 0x8f, 0x3b,
    0xe0, 0x0, 0x0, 0x0, 0x2, 0xfb, 0xf8, 0x0,
    0x0, 0x0, 0x0, 0xb, 0xff, 0x10, 0x0, 0x0,
    0x0, 0x0, 0x4f, 0xb0, 0x0, 0x0,

    /* U+0057 "W" */
    0x5f, 0x40, 0x0, 0x0, 0xdf, 0x0, 0x0, 0x2,
    0xf5, 0xf, 0x90, 0x0, 0x2, 0xff, 0x40, 0x0,
    0x7, 0xf0, 0xb, 0xe0, 0x0, 0x7, 0xfe, 0x90,
    0x0, 0xc, 0xb0, 0x6, 0xf3, 0x0, 0xc, 0xaa,
    0xe0, 0x0, 0x1f, 0x60, 0x1, 0xf8, 0x0, 0x1f,
    0x54, 0xf3, 0x0, 0x6f, 0x10, 0x0, 0xcd, 0x0,
    0x7f, 0x10, 0xf8, 0x0, 0xcc, 0x0, 0x0, 0x7f,
    0x20, 0xcb, 0x0, 0xad, 0x1, 0xf7, 0x0, 0x0,
    0x2f, 0x71, 0xf6, 0x0, 0x5f, 0x26, 0xf2, 0x0,
    0x0, 0xd, 0xc6, 0xf1, 0x0, 0xf, 0x7b, 0xd0,
    0x0, 0x0, 0x8, 0xfd, 0xc0, 0x0, 0xb, 0xdf,
    0x80, 0x0, 0x0, 0x3, 0xff, 0x70, 0x0, 0x6,
    0xff, 0x30, 0x0, 0x0, 0x0, 0xef, 0x20, 0x0,
    0x1, 0xfe, 0x0, 0x0,

    /* U+0058 "X" */
    0x3f, 0x90, 0x0, 0x0, 0xcd, 0x0, 0x8f, 0x40,
    0x0, 0x7f, 0x30, 0x0, 0xde, 0x10, 0x2f, 0x80,
    0x0, 0x3, 0xfa, 0xc, 0xd0, 0x0, 0x0, 0x7,
    0xfb, 0xf3, 0x0, 0x0, 0x0, 0xc, 0xf8, 0x0,
    0x0, 0x0, 0x1, 0xef, 0xc0, 0x0, 0x0, 0x0,
    0xbf, 0x7f, 0x70, 0x0, 0x0, 0x6f, 0x60, 0xaf,
    0x20, 0x0, 0x2f, 0xb0, 0x1, 0xed, 0x0, 0xc,
    0xf1, 0x0, 0x4, 0xf8, 0x7, 0xf6, 0x0, 0x0,
    0x9, 0xf3,

    /* U+0059 "Y" */
    0xc, 0xe0, 0x0, 0x0, 0x7, 0xf2, 0x3, 0xf7,
    0x0, 0x0, 0x1f, 0x90, 0x0, 0xaf, 0x10, 0x0,
    0x9e, 0x10, 0x0, 0x1f, 0xa0, 0x2, 0xf6, 0x0,
    0x0, 0x8, 0xf3, 0xb, 0xd0, 0x0, 0x0, 0x0,
    0xec, 0x4f, 0x40, 0x0, 0x0, 0x0, 0x5f, 0xfb,
    0x0, 0x0, 0x0, 0x0, 0xc, 0xf2, 0x0, 0x0,
    0x0, 0x0, 0x9, 0xf0, 0x0, 0x0, 0x0, 0x0,
    0x9, 0xf0, 0x0, 0x0, 0x0, 0x0, 0x9, 0xf0,
    0x0, 0x0, 0x0, 0x0, 0x9, 0xf0, 0x0, 0x0,

    /* U+005A "Z" */
    0x3f, 0xff, 0xff, 0xff, 0xfd, 0x1, 0x77, 0x77,
    0x77, 0xbf, 0x90, 0x0, 0x0, 0x0, 0x1e, 0xc0,
    0x0, 0x0, 0x0, 0xc, 0xf2, 0x0, 0x0, 0x0,
    0x8, 0xf5, 0x0, 0x0, 0x0, 0x4, 0xf9, 0x0,
    0x0, 0x0, 0x1, 0xec, 0x0, 0x0, 0x0, 0x0,
    0xcf, 0x20, 0x0, 0x0, 0x0, 0x8f, 0x50, 0x0,
    0x0, 0x0, 0x4f, 0x90, 0x0, 0x0, 0x0, 0x1e,
    0xf8, 0x77, 0x77, 0x77, 0x5, 0xff, 0xff, 0xff,
    0xff, 0xf0,

    /* U+005B "[" */
    0x5f, 0xff, 0x5, 0xf7, 0x50, 0x5f, 0x30, 0x5,
    0xf3, 0x0, 0x5f, 0x30, 0x5, 0xf3, 0x0, 0x5f,
    0x30, 0x5, 0xf3, 0x0, 0x5f, 0x30, 0x5, 0xf3,
    0x0, 0x5f, 0x30, 0x5, 0xf3, 0x0, 0x5f, 0x30,
    0x5, 0xf7, 0x50, 0x5f, 0xff, 0x0,

    /* U+005C "\\" */
    0x7e, 0x0, 0x0, 0x0, 0x1f, 0x40, 0x0, 0x0,
    0xc, 0x90, 0x0, 0x0, 0x7, 0xe0, 0x0, 0x0,
    0x2, 0xf4, 0x0, 0x0, 0x0, 0xc9, 0x0, 0x0,
    0x0, 0x7e, 0x0, 0x0, 0x0, 0x2f, 0x40, 0x0,
    0x0, 0xc, 0x90, 0x0, 0x0, 0x7, 0xe0, 0x0,
    0x0, 0x2, 0xf3, 0x0, 0x0, 0x0, 0xd9, 0x0,
    0x0, 0x0, 0x7e, 0x0, 0x0, 0x0, 0x2f, 0x30,
    0x0, 0x0, 0xd, 0x90, 0x0, 0x0, 0x7, 0xe0,

    /* U+005D "]" */
    0xbf, 0xfa, 0x35, 0xea, 0x0, 0xea, 0x0, 0xea,
    0x0, 0xea, 0x0, 0xea, 0x0, 0xea, 0x0, 0xea,
    0x0, 0xea, 0x0, 0xea, 0x0, 0xea, 0x0, 0xea,
    0x0, 0xea, 0x35, 0xea, 0xbf, 0xfa,

    /* U+005E "^" */
    0x0, 0x2f, 0x80, 0x0, 0x0, 0x9d, 0xe0, 0x0,
    0x0, 0xf3, 0xd5, 0x0, 0x6, 0xd0, 0x7b, 0x0,
    0xc, 0x60, 0x1f, 0x20, 0x3f, 0x10, 0xb, 0x80,
    0x9a, 0x0, 0x4, 0xe0,

    /* U+005F "_" */
    0xff, 0xff, 0xff, 0xff, 0x11, 0x11, 0x11, 0x11,

    /* U+0060 "`" */
    0x7, 0xf6, 0x0, 0x3, 0xe7,

    /* U+0061 "a" */
    0x1, 0x9e, 0xfd, 0x80, 0x0, 0xce, 0x87, 0xaf,
    0x90, 0x2, 0x0, 0x0, 0xaf, 0x0, 0x0, 0x0,
    0x6, 0xf2, 0x2, 0xbe, 0xff, 0xff, 0x20, 0xec,
    0x42, 0x27, 0xf2, 0x2f, 0x50, 0x0, 0x7f, 0x20,
    0xec, 0x42, 0x7f, 0xf2, 0x2, 0xbf, 0xfb, 0x6f,
    0x20,

    /* U+0062 "b" */
    0x8f, 0x0, 0x0, 0x0, 0x0, 0x8f, 0x0, 0x0,
    0x0, 0x0, 0x8f, 0x0, 0x0, 0x0, 0x0, 0x8f,
    0x2b, 0xfe, 0xb3, 0x0, 0x8f, 0xec, 0x78, 0xef,
    0x30, 0x8f, 0xa0, 0x0, 0x1e, 0xc0, 0x8f, 0x20,
    0x0, 0x7, 0xf1, 0x8f, 0x0, 0x0, 0x5, 0xf3,
    0x8f, 0x20, 0x0, 0x7, 0xf1, 0x8f, 0xa0, 0x0,
    0x1e, 0xd0, 0x8f, 0xec, 0x78, 0xef, 0x30, 0x8e,
    0x2b, 0xfe, 0xb3, 0x0,

    /* U+0063 "c" */
    0x0, 0x3a, 0xef, 0xc4, 0x0, 0x4f, 0xd8, 0x7c,
    0xf4, 0xd, 0xd0, 0x0, 0x7, 0x13, 0xf6, 0x0,
    0x0, 0x0, 0x4f, 0x30, 0x0, 0x0, 0x3, 0xf6,
    0x0, 0x0, 0x0, 0xd, 0xd0, 0x0, 0x6, 0x10,
    0x4f, 0xd7, 0x7c, 0xf4, 0x0, 0x3a, 0xef, 0xc4,
    0x0,

    /* U+0064 "d" */
    0x0, 0x0, 0x0, 0x1, 0xf7, 0x0, 0x0, 0x0,
    0x1, 0xf7, 0x0, 0x0, 0x0, 0x1, 0xf7, 0x0,
    0x3b, 0xff, 0xa3, 0xf7, 0x4, 0xfd, 0x87, 0xce,
    0xf7, 0xe, 0xd0, 0x0, 0xb, 0xf7, 0x3f, 0x60,
    0x0, 0x3, 0xf7, 0x4f, 0x30, 0x0, 0x1, 0xf7,
    0x3f, 0x50, 0x0, 0x3, 0xf7, 0xe, 0xc0, 0x0,
    0xa, 0xf7, 0x4, 0xfc, 0x65, 0xbe, 0xf7, 0x0,
    0x3b, 0xff, 0xb2, 0xf7,

    /* U+0065 "e" */
    0x0, 0x3b, 0xfe, 0xa2, 0x0, 0x4, 0xfc, 0x67,
    0xee, 0x20, 0xe, 0xc0, 0x0, 0x1e, 0xa0, 0x3f,
    0x50, 0x0, 0x7, 0xf0, 0x4f, 0xff, 0xff, 0xff,
    0xf1, 0x3f, 0x72, 0x22, 0x22, 0x20, 0xe, 0xc0,
    0x0, 0x2, 0x0, 0x4, 0xfd, 0x87, 0xaf, 0x50,
    0x0, 0x3a, 0xef, 0xd6, 0x0,

    /* U+0066 "f" */
    0x0, 0x5d, 0xfc, 0x0, 0x2f, 0xb5, 0x70, 0x4,
    0xf3, 0x0, 0xc, 0xff, 0xff, 0xa0, 0x48, 0xf7,
    0x53, 0x0, 0x5f, 0x30, 0x0, 0x5, 0xf3, 0x0,
    0x0, 0x5f, 0x30, 0x0, 0x5, 0xf3, 0x0, 0x0,
    0x5f, 0x30, 0x0, 0x5, 0xf3, 0x0, 0x0, 0x5f,
    0x30, 0x0,

    /* U+0067 "g" */
    0x0, 0x3b, 0xff, 0xb2, 0xe9, 0x4, 0xfe, 0x87,
    0xcf, 0xf9, 0xe, 0xd1, 0x0, 0xa, 0xf9, 0x3f,
    0x60, 0x0, 0x1, 0xf9, 0x4f, 0x40, 0x0, 0x0,
    0xf9, 0x3f, 0x60, 0x0, 0x1, 0xf9, 0xe, 0xd0,
    0x0, 0x9, 0xf9, 0x4, 0xfd, 0x87, 0xcf, 0xf8,
    0x0, 0x3b, 0xff, 0xb3, 0xf7, 0x0, 0x0, 0x0,
    0x5, 0xf4, 0x9, 0xe9, 0x77, 0xaf, 0xb0, 0x1,
    0x7c, 0xff, 0xd8, 0x0,

    /* U+0068 "h" */
    0x8f, 0x0, 0x0, 0x0, 0x8, 0xf0, 0x0, 0x0,
    0x0, 0x8f, 0x0, 0x0, 0x0, 0x8, 0xf2, 0xbf,
    0xea, 0x10, 0x8f, 0xfb, 0x89, 0xfd, 0x8, 0xf8,
    0x0, 0x6, 0xf4, 0x8f, 0x10, 0x0, 0x1f, 0x78,
    0xf0, 0x0, 0x0, 0xf8, 0x8f, 0x0, 0x0, 0xf,
    0x88, 0xf0, 0x0, 0x0, 0xf8, 0x8f, 0x0, 0x0,
    0xf, 0x88, 0xf0, 0x0, 0x0, 0xf8,

    /* U+0069 "i" */
    0x9e, 0x1a, 0xf2, 0x0, 0x8, 0xf0, 0x8f, 0x8,
    0xf0, 0x8f, 0x8, 0xf0, 0x8f, 0x8, 0xf0, 0x8f,
    0x8, 0xf0,

    /* U+006A "j" */
    0x0, 0x7, 0xe2, 0x0, 0x9, 0xf3, 0x0, 0x0,
    0x0, 0x0, 0x7, 0xf1, 0x0, 0x7, 0xf1, 0x0,
    0x7, 0xf1, 0x0, 0x7, 0xf1, 0x0, 0x7, 0xf1,
    0x0, 0x7, 0xf1, 0x0, 0x7, 0xf1, 0x0, 0x7,
    0xf1, 0x0, 0x7, 0xf1, 0x0, 0x8, 0xf0, 0x18,
    0x6e, 0xc0, 0x3e, 0xfc, 0x20,

    /* U+006B "k" */
    0x8f, 0x0, 0x0, 0x0, 0x8, 0xf0, 0x0, 0x0,
    0x0, 0x8f, 0x0, 0x0, 0x0, 0x8, 0xf0, 0x0,
    0x1d, 0xd1, 0x8f, 0x0, 0x1d, 0xe2, 0x8, 0xf0,
    0x1d, 0xe2, 0x0, 0x8f, 0x2d, 0xf3, 0x0, 0x8,
    0xfe, 0xff, 0x70, 0x0, 0x8f, 0xe2, 0xbf, 0x30,
    0x8, 0xf2, 0x1, 0xee, 0x10, 0x8f, 0x0, 0x3,
    0xfb, 0x8, 0xf0, 0x0, 0x7, 0xf7,

    /* U+006C "l" */
    0x8f, 0x8f, 0x8f, 0x8f, 0x8f, 0x8f, 0x8f, 0x8f,
    0x8f, 0x8f, 0x8f, 0x8f,

    /* U+006D "m" */
    0x8e, 0x3c, 0xfe, 0x91, 0x3b, 0xfe, 0xa2, 0x8,
    0xff, 0x96, 0x9f, 0xcf, 0xc6, 0x8f, 0xd0, 0x8f,
    0x70, 0x0, 0x9f, 0xc0, 0x0, 0x5f, 0x58, 0xf1,
    0x0, 0x5, 0xf6, 0x0, 0x1, 0xf7, 0x8f, 0x0,
    0x0, 0x4f, 0x40, 0x0, 0xf, 0x88, 0xf0, 0x0,
    0x4, 0xf4, 0x0, 0x0, 0xf8, 0x8f, 0x0, 0x0,
    0x4f, 0x40, 0x0, 0xf, 0x88, 0xf0, 0x0, 0x4,
    0xf4, 0x0, 0x0, 0xf8, 0x8f, 0x0, 0x0, 0x4f,
    0x40, 0x0, 0xf, 0x80,

    /* U+006E "n" */
    0x8e, 0x3b, 0xfe, 0xa1, 0x8, 0xff, 0xa6, 0x8f,
    0xd0, 0x8f, 0x80, 0x0, 0x6f, 0x48, 0xf1, 0x0,
    0x1, 0xf7, 0x8f, 0x0, 0x0, 0xf, 0x88, 0xf0,
    0x0, 0x0, 0xf8, 0x8f, 0x0, 0x0, 0xf, 0x88,
    0xf0, 0x0, 0x0, 0xf8, 0x8f, 0x0, 0x0, 0xf,
    0x80,

    /* U+006F "o" */
    0x0, 0x3b, 0xef, 0xc4, 0x0, 0x4, 0xfd, 0x87,
    0xcf, 0x60, 0xe, 0xd0, 0x0, 0xb, 0xf1, 0x3f,
    0x60, 0x0, 0x3, 0xf5, 0x4f, 0x30, 0x0, 0x1,
    0xf7, 0x3f, 0x60, 0x0, 0x3, 0xf5, 0xe, 0xd0,
    0x0, 0xb, 0xf1, 0x4, 0xfd, 0x77, 0xcf, 0x60,
    0x0, 0x3b, 0xef, 0xc4, 0x0,

    /* U+0070 "p" */
    0x8e, 0x3b, 0xfe, 0xb3, 0x0, 0x8f, 0xfb, 0x57,
    0xdf, 0x30, 0x8f, 0x90, 0x0, 0xd, 0xc0, 0x8f,
    0x10, 0x0, 0x7, 0xf1, 0x8f, 0x0, 0x0, 0x5,
    0xf3, 0x8f, 0x20, 0x0, 0x7, 0xf1, 0x8f, 0xa0,
    0x0, 0x1e, 0xd0, 0x8f, 0xec, 0x78, 0xef, 0x30,
    0x8f, 0x2b, 0xfe, 0xb3, 0x0, 0x8f, 0x0, 0x0,
    0x0, 0x0, 0x8f, 0x0, 0x0, 0x0, 0x0, 0x8f,
    0x0, 0x0, 0x0, 0x0,

    /* U+0071 "q" */
    0x0, 0x3b, 0xff, 0xa2, 0xf7, 0x4, 0xfd, 0x87,
    0xde, 0xf7, 0xe, 0xd0, 0x0, 0xb, 0xf7, 0x3f,
    0x60, 0x0, 0x3, 0xf7, 0x4f, 0x30, 0x0, 0x1,
    0xf7, 0x3f, 0x60, 0x0, 0x3, 0xf7, 0xe, 0xd0,
    0x0, 0xb, 0xf7, 0x4, 0xfd, 0x77, 0xce, 0xf7,
    0x0, 0x3b, 0xff, 0xa3, 0xf7, 0x0, 0x0, 0x0,
    0x1, 0xf7, 0x0, 0x0, 0x0, 0x1, 0xf7, 0x0,
    0x0, 0x0, 0x1, 0xf7,

    /* U+0072 "r" */
    0x8e, 0x2b, 0xf0, 0x8f, 0xed, 0x90, 0x8f, 0xa0,
    0x0, 0x8f, 0x20, 0x0, 0x8f, 0x0, 0x0, 0x8f,
    0x0, 0x0, 0x8f, 0x0, 0x0, 0x8f, 0x0, 0x0,
    0x8f, 0x0, 0x0,

    /* U+0073 "s" */
    0x2, 0xae, 0xfd, 0x91, 0x1e, 0xd7, 0x69, 0xd0,
    0x4f, 0x30, 0x0, 0x0, 0x2f, 0xb4, 0x10, 0x0,
    0x6, 0xef, 0xfd, 0x60, 0x0, 0x1, 0x5b, 0xf5,
    0x1, 0x0, 0x0, 0xf7, 0x5f, 0xa7, 0x6b, 0xf3,
    0x19, 0xdf, 0xec, 0x40,

    /* U+0074 "t" */
    0x5, 0xf3, 0x0, 0x0, 0x5f, 0x30, 0x0, 0xcf,
    0xff, 0xfa, 0x4, 0x8f, 0x75, 0x30, 0x5, 0xf3,
    0x0, 0x0, 0x5f, 0x30, 0x0, 0x5, 0xf3, 0x0,
    0x0, 0x5f, 0x30, 0x0, 0x4, 0xf4, 0x0, 0x0,
    0x1f, 0xc6, 0x80, 0x0, 0x5d, 0xfc, 0x10,

    /* U+0075 "u" */
    0xae, 0x0, 0x0, 0x2f, 0x5a, 0xe0, 0x0, 0x2,
    0xf5, 0xae, 0x0, 0x0, 0x2f, 0x5a, 0xe0, 0x0,
    0x2, 0xf5, 0xae, 0x0, 0x0, 0x2f, 0x59, 0xf0,
    0x0, 0x4, 0xf5, 0x6f, 0x30, 0x0, 0xaf, 0x51,
    0xee, 0x76, 0xbf, 0xf5, 0x2, 0xbe, 0xfb, 0x3f,
    0x50,

    /* U+0076 "v" */
    0xd, 0xc0, 0x0, 0x0, 0xcb, 0x6, 0xf2, 0x0,
    0x2, 0xf5, 0x0, 0xf9, 0x0, 0x9, 0xe0, 0x0,
    0x9e, 0x0, 0xf, 0x80, 0x0, 0x2f, 0x60, 0x6f,
    0x10, 0x0, 0xc, 0xc0, 0xcb, 0x0, 0x0, 0x5,
    0xf6, 0xf4, 0x0, 0x0, 0x0, 0xef, 0xd0, 0x0,
    0x0, 0x0, 0x8f, 0x70, 0x0,

    /* U+0077 "w" */
    0xbb, 0x0, 0x0, 0x9f, 0x10, 0x0, 0x4f, 0x16,
    0xf1, 0x0, 0xe, 0xf6, 0x0, 0x9, 0xc0, 0xf,
    0x60, 0x5, 0xfc, 0xb0, 0x0, 0xf6, 0x0, 0xac,
    0x0, 0xab, 0x5f, 0x10, 0x5f, 0x10, 0x5, 0xf1,
    0xf, 0x50, 0xf7, 0xa, 0xb0, 0x0, 0xf, 0x76,
    0xf0, 0x9, 0xc0, 0xf5, 0x0, 0x0, 0xac, 0xba,
    0x0, 0x4f, 0x8f, 0x0, 0x0, 0x4, 0xff, 0x40,
    0x0, 0xef, 0xa0, 0x0, 0x0, 0xe, 0xe0, 0x0,
    0x8, 0xf4, 0x0, 0x0,

    /* U+0078 "x" */
    0x4f, 0x70, 0x0, 0x9f, 0x20, 0x8f, 0x30, 0x5f,
    0x50, 0x0, 0xcd, 0x2e, 0x90, 0x0, 0x2, 0xff,
    0xd0, 0x0, 0x0, 0xa, 0xf6, 0x0, 0x0, 0x4,
    0xfd, 0xe1, 0x0, 0x1, 0xeb, 0xd, 0xc0, 0x0,
    0xbe, 0x10, 0x3f, 0x80, 0x6f, 0x40, 0x0, 0x7f,
    0x40,

    /* U+0079 "y" */
    0xd, 0xc0, 0x0, 0x0, 0xcb, 0x6, 0xf3, 0x0,
    0x2, 0xf4, 0x0, 0xea, 0x0, 0x9, 0xd0, 0x0,
    0x8f, 0x10, 0x1f, 0x70, 0x0, 0x1f, 0x70, 0x7f,
    0x10, 0x0, 0xa, 0xe0, 0xd9, 0x0, 0x0, 0x3,
    0xf9, 0xf2, 0x0, 0x0, 0x0, 0xcf, 0xb0, 0x0,
    0x0, 0x0, 0x6f, 0x40, 0x0, 0x0, 0x0, 0xad,
    0x0, 0x0, 0x1c, 0x79, 0xf5, 0x0, 0x0, 0x1a,
    0xee, 0x70, 0x0, 0x0,

    /* U+007A "z" */
    0x4f, 0xff, 0xff, 0xf9, 0x15, 0x55, 0x5b, 0xf4,
    0x0, 0x0, 0x4f, 0x80, 0x0, 0x1, 0xec, 0x0,
    0x0, 0xb, 0xe1, 0x0, 0x0, 0x8f, 0x40, 0x0,
    0x4, 0xf7, 0x0, 0x0, 0x1e, 0xe5, 0x55, 0x53,
    0x5f, 0xff, 0xff, 0xfc,

    /* U+007B "{" */
    0x0, 0x2c, 0xf5, 0x0, 0xaf, 0x61, 0x0, 0xcc,
    0x0, 0x0, 0xdb, 0x0, 0x0, 0xdb, 0x0, 0x0,
    0xdb, 0x0, 0x2, 0xea, 0x0, 0x1f, 0xf4, 0x0,
    0x5, 0xfa, 0x0, 0x0, 0xdb, 0x0, 0x0, 0xdb,
    0x0, 0x0, 0xdb, 0x0, 0x0, 0xcc, 0x0, 0x0,
    0xaf, 0x61, 0x0, 0x2c, 0xf5,

    /* U+007C "|" */
    0x5f, 0x15, 0xf1, 0x5f, 0x15, 0xf1, 0x5f, 0x15,
    0xf1, 0x5f, 0x15, 0xf1, 0x5f, 0x15, 0xf1, 0x5f,
    0x15, 0xf1, 0x5f, 0x15, 0xf1, 0x5f, 0x10,

    /* U+007D "}" */
    0xbe, 0x80, 0x3, 0xaf, 0x40, 0x1, 0xf6, 0x0,
    0x1f, 0x70, 0x1, 0xf7, 0x0, 0x1f, 0x70, 0x0,
    0xf9, 0x0, 0xa, 0xfb, 0x0, 0xfb, 0x20, 0x1f,
    0x70, 0x1, 0xf7, 0x0, 0x1f, 0x70, 0x1, 0xf6,
    0x3, 0xaf, 0x40, 0xbe, 0x90, 0x0,

    /* U+007E "~" */
    0x0, 0x0, 0x0, 0x0, 0x0, 0x3d, 0xe4, 0x0,
    0xb5, 0xc, 0x86, 0xf5, 0x1e, 0x20, 0xf0, 0x3,
    0xef, 0x90, 0x2, 0x0, 0x0, 0x10, 0x0,

    /* U+00A0 " " */

    /* U+00A1 "¡" */
    0xad, 0xb, 0xf1, 0x1, 0x0, 0x0, 0x7c, 0x8,
    0xc0, 0x8d, 0x9, 0xe0, 0xae, 0xa, 0xf0, 0xbf,
    0x9, 0xc0,

    /* U+00A2 "¢" */
    0x0, 0x0, 0x78, 0x0, 0x0, 0x0, 0x7, 0x80,
    0x0, 0x0, 0x3b, 0xff, 0xc4, 0x0, 0x4f, 0xec,
    0xcc, 0xf5, 0xd, 0xd1, 0x78, 0x7, 0x3, 0xf6,
    0x7, 0x80, 0x0, 0x4f, 0x40, 0x78, 0x0, 0x3,
    0xf5, 0x7, 0x80, 0x0, 0xe, 0xc0, 0x78, 0x6,
    0x0, 0x4f, 0xdb, 0xbb, 0xf5, 0x0, 0x4c, 0xff,
    0xd5, 0x0, 0x0, 0x7, 0x80, 0x0, 0x0, 0x0,
    0x78, 0x0, 0x0,

    /* U+00A3 "£" */
    0x0, 0x0, 0x6c, 0xfe, 0xc6, 0x0, 0x0, 0xaf,
    0xc8, 0x9c, 0xd0, 0x0, 0x4f, 0x80, 0x0, 0x2,
    0x0, 0x9, 0xf0, 0x0, 0x0, 0x0, 0x0, 0xbd,
    0x0, 0x0, 0x0, 0x0, 0xc, 0xd0, 0x0, 0x0,
    0x0, 0x7f, 0xff, 0xff, 0xff, 0x0, 0x1, 0x2c,
    0xd2, 0x22, 0x20, 0x0, 0x0, 0xcd, 0x0, 0x0,
    0x0, 0x0, 0xc, 0xd0, 0x0, 0x0, 0x0, 0x37,
    0xee, 0x77, 0x77, 0x76, 0x8, 0xff, 0xff, 0xff,
    0xff, 0xd0,

    /* U+00A4 "¤" */
    0x2a, 0x0, 0x0, 0x0, 0x9, 0x32, 0xeb, 0x7d,
    0xfe, 0x89, 0xf4, 0x3, 0xff, 0x84, 0x6e, 0xf5,
    0x0, 0x3f, 0x40, 0x0, 0x1e, 0x70, 0x9, 0xb0,
    0x0, 0x0, 0x7c, 0x0, 0xb8, 0x0, 0x0, 0x5,
    0xe0, 0x9, 0xa0, 0x0, 0x0, 0x6d, 0x0, 0x4f,
    0x20, 0x0, 0xd, 0x80, 0x1, 0xfe, 0x51, 0x4c,
    0xf3, 0x0, 0xce, 0xaf, 0xff, 0xbc, 0xe2, 0x3e,
    0x20, 0x13, 0x10, 0x1c, 0x60, 0x0, 0x0, 0x0,
    0x0, 0x0,

    /* U+00A5 "¥" */
    0xb, 0xe0, 0x0, 0x0, 0x0, 0x9f, 0x10, 0x2f,
    0x90, 0x0, 0x0, 0x3f, 0x60, 0x0, 0x7f, 0x30,
    0x0, 0xd, 0xc0, 0x0, 0x0, 0xdd, 0x0, 0x7,
    0xf2, 0x0, 0x0, 0x3, 0xf7, 0x2, 0xf8, 0x0,
    0x0, 0x0, 0x9, 0xf2, 0xbd, 0x0, 0x0, 0x0,
    0x0, 0xe, 0xef, 0x40, 0x0, 0x0, 0x7, 0xff,
    0xff, 0xff, 0xfc, 0x0, 0x0, 0x0, 0x2, 0xf7,
    0x0, 0x0, 0x0, 0x7, 0xff, 0xff, 0xff, 0xfc,
    0x0, 0x0, 0x0, 0x2, 0xf7, 0x0, 0x0, 0x0,
    0x0, 0x0, 0x2f, 0x70, 0x0, 0x0,

    /* U+00A6 "¦" */
    0x5f, 0x15, 0xf1, 0x5f, 0x15, 0xf1, 0x5f, 0x14,
    0xe1, 0x0, 0x0, 0x0, 0x0, 0x4, 0xe1, 0x5f,
    0x15, 0xf1, 0x5f, 0x15, 0xf1, 0x5f, 0x10,

    /* U+00A7 "§" */
    0x0, 0x8d, 0xfd, 0xa2, 0xb, 0xe6, 0x56, 0xc4,
    0xf, 0x50, 0x0, 0x0, 0xd, 0xc2, 0x0, 0x0,
    0x7, 0xff, 0xe9, 0x20, 0x2f, 0x62, 0x6d, 0xe1,
    0x6f, 0x0, 0x0, 0xf6, 0x3f, 0x92, 0x2, 0xf4,
    0x4, 0xcf, 0xef, 0x90, 0x0, 0x1, 0x6e, 0xc0,
    0x0, 0x0, 0x5, 0xf0, 0x4b, 0x31, 0x2b, 0xe0,
    0x3c, 0xff, 0xfd, 0x30, 0x0, 0x13, 0x20, 0x0,

    /* U+00A8 "¨" */
    0x29, 0x3, 0x90, 0x5d, 0x5, 0xd0,

    /* U+00A9 "©" */
    0x0, 0x1, 0x7b, 0xcb, 0x70, 0x0, 0x0, 0x4,
    0xc5, 0x0, 0x5, 0xc2, 0x0, 0x2, 0xb0, 0x4c,
    0xec, 0x41, 0xc1, 0x0, 0xa2, 0x3f, 0x73, 0x7d,
    0x4, 0x80, 0xb, 0xa, 0xa0, 0x0, 0x0, 0xc,
    0x2, 0x90, 0xc7, 0x0, 0x0, 0x0, 0xb0, 0x29,
    0xa, 0x90, 0x0, 0x0, 0xb, 0x0, 0xb0, 0x4f,
    0x40, 0x4a, 0x0, 0xc0, 0xa, 0x20, 0x6f, 0xff,
    0x70, 0x57, 0x0, 0x2b, 0x0, 0x2, 0x0, 0x1c,
    0x0, 0x0, 0x4c, 0x40, 0x0, 0x6c, 0x20, 0x0,
    0x0, 0x18, 0xbc, 0xb6, 0x0, 0x0,

    /* U+00AA "ª" */
    0x1a, 0xdd, 0xa0, 0x3, 0x0, 0xd5, 0x9, 0xbb,
    0xe6, 0x5c, 0x0, 0xc6, 0xa, 0xba, 0xa5,

    /* U+00AB "«" */
    0x0, 0x6, 0x20, 0x62, 0x0, 0xac, 0x8, 0xd0,
    0x5, 0xf2, 0x4f, 0x30, 0x1e, 0x60, 0xe7, 0x0,
    0xb, 0xa0, 0xab, 0x0, 0x1, 0xe6, 0x1e, 0x70,
    0x0, 0x5f, 0x24, 0xf3,

    /* U+00AC "¬" */
    0x11, 0x11, 0x11, 0x10, 0xef, 0xff, 0xff, 0xf3,
    0x34, 0x44, 0x45, 0xf3, 0x0, 0x0, 0x2, 0xf3,
    0x0, 0x0, 0x2, 0xf3, 0x0, 0x0, 0x0, 0x40,

    /* U+00AD "­" */
    0x1, 0x11, 0x10, 0x1f, 0xff, 0xf3, 0x4, 0x44,
    0x40,

    /* U+00AE "®" */
    0x0, 0x1, 0x7b, 0xcb, 0x70, 0x0, 0x0, 0x4,
    0xc5, 0x0, 0x5, 0xc2, 0x0, 0x2, 0xb0, 0x0,
    0x0, 0x1, 0xc1, 0x0, 0xa2, 0xd, 0xff, 0xd6,
    0x4, 0x80, 0xb, 0x0, 0xd3, 0x2, 0xe2, 0xc,
    0x2, 0x90, 0xd, 0x30, 0x2e, 0x20, 0xb0, 0x29,
    0x0, 0xdf, 0xff, 0x70, 0xb, 0x0, 0xb0, 0xd,
    0x30, 0xb6, 0x0, 0xc0, 0xa, 0x20, 0xd3, 0x2,
    0xe0, 0x57, 0x0, 0x2b, 0x3, 0x0, 0x2, 0x3c,
    0x0, 0x0, 0x4c, 0x40, 0x0, 0x6c, 0x20, 0x0,
    0x0, 0x18, 0xbc, 0xb6, 0x0, 0x0,

    /* U+00AF "¯" */
    0xbe, 0xee, 0xe5, 0x11, 0x11, 0x10,

    /* U+00B0 "°" */
    0x2, 0xce, 0x90, 0xd, 0x40, 0x89, 0x3b, 0x0,
    0xe, 0x3b, 0x0, 0xe, 0xd, 0x40, 0x89, 0x2,
    0xce, 0x90,

    /* U+00B1 "±" */
    0x0, 0x3, 0x0, 0x0, 0x0, 0xf, 0x50, 0x0,
    0x0, 0xf, 0x50, 0x0, 0x1, 0x1f, 0x51, 0x10,
    0xef, 0xff, 0xff, 0xf3, 0x34, 0x4f, 0x74, 0x40,
    0x0, 0xf, 0x50, 0x0, 0x0, 0xf, 0x50, 0x0,
    0x0, 0x0, 0x0, 0x0, 0x45, 0x55, 0x55, 0x51,
    0xef, 0xff, 0xff, 0xf3,

    /* U+00B2 "²" */
    0x1a, 0xff, 0xb1, 0x2, 0x71, 0x9, 0xa0, 0x0,
    0x0, 0x8a, 0x0, 0x0, 0x4e, 0x20, 0x0, 0x5e,
    0x30, 0x0, 0x6e, 0x20, 0x0, 0x3f, 0xfe, 0xee,
    0x10,

    /* U+00B3 "³" */
    0x5f, 0xff, 0xfb, 0x0, 0x0, 0x3e, 0x20, 0x0,
    0x2e, 0x40, 0x0, 0x5, 0xce, 0x60, 0x0, 0x0,
    0x2f, 0x3, 0x50, 0x5, 0xe0, 0x3b, 0xef, 0xc3,
    0x0,

    /* U+00B4 "´" */
    0x0, 0xbd, 0x31, 0xca, 0x0,

    /* U+00B5 "µ" */
    0x8f, 0x0, 0x0, 0x1f, 0x78, 0xf0, 0x0, 0x1,
    0xf7, 0x8f, 0x0, 0x0, 0x1f, 0x78, 0xf0, 0x0,
    0x1, 0xf7, 0x8f, 0x0, 0x0, 0x1f, 0x78, 0xf0,
    0x0, 0x3, 0xf7, 0x8f, 0x50, 0x0, 0x9f, 0x78,
    0xff, 0x86, 0xaf, 0xf7, 0x8f, 0x7d, 0xfc, 0x3f,
    0x78, 0xf0, 0x0, 0x0, 0x0, 0x8f, 0x0, 0x0,
    0x0, 0x8, 0xf0, 0x0, 0x0, 0x0,

    /* U+00B6 "¶" */
    0x4, 0xcf, 0xff, 0xff, 0xb3, 0xff, 0xfe, 0x44,
    0xbb, 0x9f, 0xff, 0xe0, 0x9, 0xb9, 0xff, 0xfe,
    0x0, 0x9b, 0x4f, 0xff, 0xe0, 0x9, 0xb0, 0x6d,
    0xfe, 0x0, 0x9b, 0x0, 0x6, 0xe0, 0x9, 0xb0,
    0x0, 0x6e, 0x0, 0x9b, 0x0, 0x6, 0xe0, 0x9,
    0xb0, 0x0, 0x6e, 0x0, 0x9b, 0x0, 0x6, 0xe0,
    0x9, 0xb0, 0x0, 0x6e, 0x0, 0x9b, 0x0, 0x6,
    0xe0, 0x9, 0xb0, 0x0, 0x6e, 0x0, 0x9b, 0x0,
    0x1, 0x30, 0x2, 0x20,

    /* U+00B7 "·" */
    0x12, 0xd, 0xf1, 0xad, 0x0,

    /* U+00B8 "¸" */
    0x0, 0xc1, 0x0, 0xa, 0xd1, 0x1, 0xd, 0x50,
    0xbe, 0xa0,

    /* U+00B9 "¹" */
    0x8f, 0xf4, 0x0, 0xd, 0x40, 0x0, 0xd4, 0x0,
    0xd, 0x40, 0x0, 0xd4, 0x0, 0xd, 0x40, 0xae,
    0xff, 0xd0,

    /* U+00BA "º" */
    0x6, 0xde, 0xc3, 0x3, 0xe2, 0x5, 0xe0, 0x7a,
    0x0, 0xf, 0x23, 0xe2, 0x6, 0xe0, 0x6, 0xde,
    0xc2, 0x0,

    /* U+00BB "»" */
    0x26, 0x1, 0x71, 0x0, 0xc, 0x90, 0xbb, 0x0,
    0x2, 0xf5, 0x1e, 0x60, 0x0, 0x7e, 0x15, 0xf2,
    0x0, 0xbb, 0x9, 0xc0, 0x6, 0xe1, 0x5f, 0x20,
    0x2f, 0x51, 0xe6, 0x0,

    /* U+00BC "¼" */
    0x8f, 0xf4, 0x0, 0x0, 0x0, 0xc5, 0x0, 0x0,
    0x0, 0xd4, 0x0, 0x0, 0x8, 0xb0, 0x0, 0x0,
    0x0, 0xd4, 0x0, 0x0, 0x3e, 0x10, 0x0, 0x0,
    0x0, 0xd4, 0x0, 0x0, 0xd6, 0x0, 0x0, 0x0,
    0x0, 0xd4, 0x0, 0x8, 0xb0, 0x0, 0x21, 0x0,
    0x0, 0xd4, 0x0, 0x3e, 0x10, 0x4, 0xe1, 0x0,
    0xaf, 0xff, 0xe0, 0xd6, 0x0, 0x1e, 0x30, 0x0,
    0x0, 0x0, 0x8, 0xb0, 0x0, 0xb7, 0x3, 0x0,
    0x0, 0x0, 0x3e, 0x10, 0x7, 0xb0, 0x3d, 0x0,
    0x0, 0x0, 0xd6, 0x0, 0xf, 0xff, 0xff, 0xf1,
    0x0, 0x8, 0xb0, 0x0, 0x0, 0x0, 0x4d, 0x0,
    0x0, 0x7, 0x10, 0x0, 0x0, 0x0, 0x26, 0x0,

    /* U+00BD "½" */
    0x8f, 0xf4, 0x0, 0x0, 0x0, 0xc6, 0x0, 0x0,
    0xd, 0x40, 0x0, 0x0, 0x7b, 0x0, 0x0, 0x0,
    0xd4, 0x0, 0x0, 0x2e, 0x20, 0x0, 0x0, 0xd,
    0x40, 0x0, 0xb, 0x70, 0x0, 0x0, 0x0, 0xd4,
    0x0, 0x6, 0xd0, 0x0, 0x0, 0x0, 0xd, 0x40,
    0x1, 0xe3, 0x3b, 0xdd, 0x70, 0xaf, 0xff, 0xe0,
    0xa9, 0x3, 0x30, 0x2e, 0x40, 0x0, 0x0, 0x4e,
    0x0, 0x0, 0x0, 0xd5, 0x0, 0x0, 0xe, 0x40,
    0x0, 0x0, 0x9c, 0x0, 0x0, 0x9, 0xa0, 0x0,
    0x0, 0xab, 0x0, 0x0, 0x3, 0xe1, 0x0, 0x0,
    0xba, 0x0, 0x0, 0x0, 0xc5, 0x0, 0x0, 0x8f,
    0xff, 0xfb,

    /* U+00BE "¾" */
    0x5f, 0xff, 0xfb, 0x0, 0x0, 0xc, 0x50, 0x0,
    0x0, 0x0, 0x3e, 0x30, 0x0, 0x8, 0xb0, 0x0,
    0x0, 0x0, 0x1e, 0x40, 0x0, 0x3, 0xe1, 0x0,
    0x0, 0x0, 0x6, 0xde, 0x60, 0x0, 0xd6, 0x0,
    0x0, 0x0, 0x0, 0x0, 0x3f, 0x0, 0x8b, 0x0,
    0x2, 0x10, 0x2, 0x50, 0x4, 0xf0, 0x3e, 0x10,
    0x4, 0xe1, 0x0, 0x3c, 0xff, 0xd4, 0xd, 0x60,
    0x1, 0xe4, 0x0, 0x0, 0x0, 0x0, 0x8, 0xb0,
    0x0, 0xb8, 0x3, 0x0, 0x0, 0x0, 0x3, 0xe1,
    0x0, 0x7b, 0x3, 0xd0, 0x0, 0x0, 0x0, 0xd6,
    0x0, 0xf, 0xff, 0xff, 0xf1, 0x0, 0x0, 0x8b,
    0x0, 0x0, 0x0, 0x4, 0xd0, 0x0, 0x0, 0x7,
    0x10, 0x0, 0x0, 0x0, 0x26, 0x0,

    /* U+00BF "¿" */
    0x0, 0x2e, 0x80, 0x0, 0x0, 0x3, 0xf9, 0x0,
    0x0, 0x0, 0x1, 0x0, 0x0, 0x0, 0x0, 0x42,
    0x0, 0x0, 0x0, 0x4f, 0x50, 0x0, 0x0, 0x2e,
    0xc0, 0x0, 0x0, 0x2e, 0xc0, 0x0, 0x0, 0xa,
    0xe0, 0x0, 0x0, 0x0, 0xdc, 0x0, 0x0, 0x10,
    0xa, 0xf8, 0x22, 0x6e, 0xb0, 0x1b, 0xff, 0xff,
    0xb1, 0x0, 0x1, 0x33, 0x10, 0x0,

    /* U+00C0 "À" */
    0x0, 0x0, 0x8f, 0x50, 0x0, 0x0, 0x0, 0x0,
    0x0, 0x7f, 0x30, 0x0, 0x0, 0x0, 0x0, 0x0,
    0x56, 0x0, 0x0, 0x0, 0x0, 0x0, 0x2f, 0xd0,
    0x0, 0x0, 0x0, 0x0, 0x9, 0xff, 0x40, 0x0,
    0x0, 0x0, 0x0, 0xf9, 0xeb, 0x0, 0x0, 0x0,
    0x0, 0x6f, 0x27, 0xf2, 0x0, 0x0, 0x0, 0xd,
    0xc0, 0x1f, 0x80, 0x0, 0x0, 0x4, 0xf6, 0x0,
    0xbe, 0x0, 0x0, 0x0, 0xbf, 0x0, 0x4, 0xf6,
    0x0, 0x0, 0x1f, 0xa1, 0x11, 0x1e, 0xd0, 0x0,
    0x8, 0xff, 0xff, 0xff, 0xff, 0x30, 0x0, 0xec,
    0x44, 0x44, 0x44, 0xfa, 0x0, 0x6f, 0x40, 0x0,
    0x0, 0xa, 0xf1, 0xc, 0xd0, 0x0, 0x0, 0x0,
    0x2f, 0x80,

    /* U+00C1 "Á" */
    0x0, 0x0, 0x0, 0x9, 0xf4, 0x0, 0x0, 0x0,
    0x0, 0x7, 0xe3, 0x0, 0x0, 0x0, 0x0, 0x1,
    0x72, 0x0, 0x0, 0x0, 0x0, 0x0, 0x2f, 0xd0,
    0x0, 0x0, 0x0, 0x0, 0x9, 0xff, 0x40, 0x0,
    0x0, 0x0, 0x0, 0xf9, 0xeb, 0x0, 0x0, 0x0,
    0x0, 0x6f, 0x27, 0xf2, 0x0, 0x0, 0x0, 0xd,
    0xc0, 0x1f, 0x80, 0x0, 0x0, 0x4, 0xf6, 0x0,
    0xbe, 0x0, 0x0, 0x0, 0xbf, 0x0, 0x4, 0xf6,
    0x0, 0x0, 0x1f, 0xa1, 0x11, 0x1e, 0xd0, 0x0,
    0x8, 0xff, 0xff, 0xff, 0xff, 0x30, 0x0, 0xec,
    0x44, 0x44, 0x44, 0xfa, 0x0, 0x6f, 0x40, 0x0,
    0x0, 0xa, 0xf1, 0xc, 0xd0, 0x0, 0x0, 0x0,
    0x2f, 0x80,

    /* U+00C2 "Â" */
    0x0, 0x0, 0x5, 0xfe, 0x10, 0x0, 0x0, 0x0,
    0x3, 0xf6, 0xad, 0x0, 0x0, 0x0, 0x0, 0x65,
    0x0, 0x74, 0x0, 0x0, 0x0, 0x0, 0x2f, 0xd0,
    0x0, 0x0, 0x0, 0x0, 0x9, 0xff, 0x40, 0x0,
    0x0, 0x0, 0x0, 0xf9, 0xeb, 0x0, 0x0, 0x0,
    0x0, 0x6f, 0x27, 0xf2, 0x0, 0x0, 0x0, 0xd,
    0xc0, 0x1f, 0x80, 0x0, 0x0, 0x4, 0xf6, 0x0,
    0xbe, 0x0, 0x0, 0x0, 0xbf, 0x0, 0x4, 0xf6,
    0x0, 0x0, 0x1f, 0xa1, 0x11, 0x1e, 0xd0, 0x0,
    0x8, 0xff, 0xff, 0xff, 0xff, 0x30, 0x0, 0xec,
    0x44, 0x44, 0x44, 0xfa, 0x0, 0x6f, 0x40, 0x0,
    0x0, 0xa, 0xf1, 0xc, 0xd0, 0x0, 0x0, 0x0,
    0x2f, 0x80,

    /* U+00C3 "Ã" */
    0x0, 0x0, 0x4d, 0xa1, 0x76, 0x0, 0x0, 0x0,
    0xb, 0x45, 0xdc, 0x10, 0x0, 0x0, 0x0, 0x0,
    0x0, 0x0, 0x0, 0x0, 0x0, 0x0, 0x2f, 0xd0,
    0x0, 0x0, 0x0, 0x0, 0x9, 0xff, 0x40, 0x0,
    0x0, 0x0, 0x0, 0xf9, 0xeb, 0x0, 0x0, 0x0,
    0x0, 0x6f, 0x27, 0xf2, 0x0, 0x0, 0x0, 0xd,
    0xc0, 0x1f, 0x80, 0x0, 0x0, 0x4, 0xf6, 0x0,
    0xbe, 0x0, 0x0, 0x0, 0xbf, 0x0, 0x4, 0xf6,
    0x0, 0x0, 0x1f, 0xa1, 0x11, 0x1e, 0xd0, 0x0,
    0x8, 0xff, 0xff, 0xff, 0xff, 0x30, 0x0, 0xec,
    0x44, 0x44, 0x44, 0xfa, 0x0, 0x6f, 0x40, 0x0,
    0x0, 0xa, 0xf1, 0xc, 0xd0, 0x0, 0x0, 0x0,
    0x2f, 0x80,

    /* U+00C4 "Ä" */
    0x0, 0x0, 0x29, 0x2, 0x90, 0x0, 0x0, 0x0,
    0x4, 0xe1, 0x4e, 0x0, 0x0, 0x0, 0x0, 0x0,
    0x0, 0x0, 0x0, 0x0, 0x0, 0x0, 0x2f, 0xd0,
    0x0, 0x0, 0x0, 0x0, 0x9, 0xff, 0x40, 0x0,
    0x0, 0x0, 0x0, 0xf9, 0xeb, 0x0, 0x0, 0x0,
    0x0, 0x6f, 0x27, 0xf2, 0x0, 0x0, 0x0, 0xd,
    0xc0, 0x1f, 0x80, 0x0, 0x0, 0x4, 0xf6, 0x0,
    0xbe, 0x0, 0x0, 0x0, 0xbf, 0x0, 0x4, 0xf6,
    0x0, 0x0, 0x1f, 0xa1, 0x11, 0x1e, 0xd0, 0x0,
    0x8, 0xff, 0xff, 0xff, 0xff, 0x30, 0x0, 0xec,
    0x44, 0x44, 0x44, 0xfa, 0x0, 0x6f, 0x40, 0x0,
    0x0, 0xa, 0xf1, 0xc, 0xd0, 0x0, 0x0, 0x0,
    0x2f, 0x80,

    /* U+00C5 "Å" */
    0x0, 0x0, 0x3, 0xba, 0x0, 0x0, 0x0, 0x0,
    0x0, 0xb0, 0x47, 0x0, 0x0, 0x0, 0x0, 0xb,
    0x4, 0x80, 0x0, 0x0, 0x0, 0x0, 0x3b, 0xa1,
    0x0, 0x0, 0x0, 0x0, 0x0, 0x0, 0x0, 0x0,
    0x0, 0x0, 0x0, 0x2f, 0xd0, 0x0, 0x0, 0x0,
    0x0, 0x9, 0xff, 0x40, 0x0, 0x0, 0x0, 0x0,
    0xf9, 0xeb, 0x0, 0x0, 0x0, 0x0, 0x6f, 0x27,
    0xf2, 0x0, 0x0, 0x0, 0xd, 0xc0, 0x1f, 0x80,
    0x0, 0x0, 0x4, 0xf6, 0x0, 0xbe, 0x0, 0x0,
    0x0, 0xbf, 0x0, 0x4, 0xf6, 0x0, 0x0, 0x1f,
    0xa1, 0x11, 0x1e, 0xd0, 0x0, 0x8, 0xff, 0xff,
    0xff, 0xff, 0x30, 0x0, 0xec, 0x44, 0x44, 0x44,
    0xfa, 0x0, 0x6f, 0x40, 0x0, 0x0, 0xa, 0xf1,
    0xc, 0xd0, 0x0, 0x0, 0x0, 0x2f, 0x80,

    /* U+00C6 "Æ" */
    0x0, 0x0, 0x0, 0x9, 0xff, 0xff, 0xff, 0xff,
    0xa0, 0x0, 0x0, 0x2, 0xfb, 0xf9, 0x77, 0x77,
    0x74, 0x0, 0x0, 0x0, 0xbd, 0x4f, 0x50, 0x0,
    0x0, 0x0, 0x0, 0x0, 0x4f, 0x54, 0xf5, 0x0,
    0x0, 0x0, 0x0, 0x0, 0xd, 0xc0, 0x4f, 0x61,
    0x11, 0x11, 0x0, 0x0, 0x6, 0xf4, 0x4, 0xff,
    0xff, 0xff, 0xe0, 0x0, 0x0, 0xec, 0x0, 0x4f,
    0x84, 0x44, 0x44, 0x0, 0x0, 0x8f, 0x51, 0x15,
    0xf5, 0x0, 0x0, 0x0, 0x0, 0x1f, 0xff, 0xff,
    0xff, 0x50, 0x0, 0x0, 0x0, 0xa, 0xf5, 0x44,
    0x47, 0xf5, 0x0, 0x0, 0x0, 0x3, 0xf8, 0x0,
    0x0, 0x4f, 0xa7, 0x77, 0x77, 0x60, 0xbe, 0x0,
    0x0, 0x4, 0xff, 0xff, 0xff, 0xfd,

    /* U+00C7 "Ç" */
    0x0, 0x2, 0x8d, 0xfe, 0xb4, 0x0, 0x4, 0xff,
    0xb8, 0x9d, 0xf9, 0x2, 0xfd, 0x20, 0x0, 0x8,
    0x50, 0xbf, 0x20, 0x0, 0x0, 0x0, 0xf, 0xa0,
    0x0, 0x0, 0x0, 0x2, 0xf6, 0x0, 0x0, 0x0,
    0x0, 0x2f, 0x60, 0x0, 0x0, 0x0, 0x0, 0xfa,
    0x0, 0x0, 0x0, 0x0, 0xb, 0xf2, 0x0, 0x0,
    0x0, 0x0, 0x2f, 0xd2, 0x0, 0x0, 0x85, 0x0,
    0x5f, 0xfb, 0x89, 0xdf, 0x80, 0x0, 0x29, 0xdf,
    0xeb, 0x40, 0x0, 0x0, 0x3, 0xd2, 0x0, 0x0,
    0x0, 0x0, 0x15, 0xe0, 0x0, 0x0, 0x0, 0x3e,
    0xe8, 0x0, 0x0,

    /* U+00C8 "È" */
    0x0, 0xbf, 0x20, 0x0, 0x0, 0x0, 0xae, 0x10,
    0x0, 0x0, 0x0, 0x65, 0x0, 0x5, 0xff, 0xff,
    0xff, 0xf9, 0x5f, 0x97, 0x77, 0x77, 0x45, 0xf4,
    0x0, 0x0, 0x0, 0x5f, 0x40, 0x0, 0x0, 0x5,
    0xf5, 0x11, 0x11, 0x10, 0x5f, 0xff, 0xff, 0xfe,
    0x5, 0xf7, 0x44, 0x44, 0x40, 0x5f, 0x40, 0x0,
    0x0, 0x5, 0xf4, 0x0, 0x0, 0x0, 0x5f, 0x40,
    0x0, 0x0, 0x5, 0xf9, 0x77, 0x77, 0x76, 0x5f,
    0xff, 0xff, 0xff, 0xd0,

    /* U+00C9 "É" */
    0x0, 0x0, 0xc, 0xe2, 0x0, 0x0, 0xa, 0xd1,
    0x0, 0x0, 0x2, 0x71, 0x0, 0x5, 0xff, 0xff,
    0xff, 0xf9, 0x5f, 0x97, 0x77, 0x77, 0x45, 0xf4,
    0x0, 0x0, 0x0, 0x5f, 0x40, 0x0, 0x0, 0x5,
    0xf5, 0x11, 0x11, 0x10, 0x5f, 0xff, 0xff, 0xfe,
    0x5, 0xf7, 0x44, 0x44, 0x40, 0x5f, 0x40, 0x0,
    0x0, 0x5, 0xf4, 0x0, 0x0, 0x0, 0x5f, 0x40,
    0x0, 0x0, 0x5, 0xf9, 0x77, 0x77, 0x76, 0x5f,
    0xff, 0xff, 0xff, 0xd0,

    /* U+00CA "Ê" */
    0x0, 0x8, 0xfc, 0x0, 0x0, 0x5, 0xf4, 0xca,
    0x0, 0x0, 0x73, 0x1, 0x72, 0x5, 0xff, 0xff,
    0xff, 0xf9, 0x5f, 0x97, 0x77, 0x77, 0x45, 0xf4,
    0x0, 0x0, 0x0, 0x5f, 0x40, 0x0, 0x0, 0x5,
    0xf5, 0x11, 0x11, 0x10, 0x5f, 0xff, 0xff, 0xfe,
    0x5, 0xf7, 0x44, 0x44, 0x40, 0x5f, 0x40, 0x0,
    0x0, 0x5, 0xf4, 0x0, 0x0, 0x0, 0x5f, 0x40,
    0x0, 0x0, 0x5, 0xf9, 0x77, 0x77, 0x76, 0x5f,
    0xff, 0xff, 0xff, 0xd0,

    /* U+00CB "Ë" */
    0x0, 0x48, 0x4, 0x70, 0x0, 0x7, 0xc0, 0x7b,
    0x0, 0x0, 0x0, 0x0, 0x0, 0x5, 0xff, 0xff,
    0xff, 0xf9, 0x5f, 0x97, 0x77, 0x77, 0x45, 0xf4,
    0x0, 0x0, 0x0, 0x5f, 0x40, 0x0, 0x0, 0x5,
    0xf5, 0x11, 0x11, 0x10, 0x5f, 0xff, 0xff, 0xfe,
    0x5, 0xf7, 0x44, 0x44, 0x40, 0x5f, 0x40, 0x0,
    0x0, 0x5, 0xf4, 0x0, 0x0, 0x0, 0x5f, 0x40,
    0x0, 0x0, 0x5, 0xf9, 0x77, 0x77, 0x76, 0x5f,
    0xff, 0xff, 0xff, 0xd0,

    /* U+00CC "Ì" */
    0x1d, 0xd1, 0x0, 0x1c, 0xc0, 0x0, 0x7, 0x30,
    0x5, 0xf4, 0x0, 0x5f, 0x40, 0x5, 0xf4, 0x0,
    0x5f, 0x40, 0x5, 0xf4, 0x0, 0x5f, 0x40, 0x5,
    0xf4, 0x0, 0x5f, 0x40, 0x5, 0xf4, 0x0, 0x5f,
    0x40, 0x5, 0xf4, 0x0, 0x5f, 0x40,

    /* U+00CD "Í" */
    0x1, 0xec, 0x10, 0xcb, 0x0, 0x47, 0x0, 0x5,
    0xf4, 0x0, 0x5f, 0x40, 0x5, 0xf4, 0x0, 0x5f,
    0x40, 0x5, 0xf4, 0x0, 0x5f, 0x40, 0x5, 0xf4,
    0x0, 0x5f, 0x40, 0x5, 0xf4, 0x0, 0x5f, 0x40,
    0x5, 0xf4, 0x0, 0x5f, 0x40, 0x0,

    /* U+00CE "Î" */
    0x0, 0xaf, 0xa0, 0x0, 0x8e, 0x4e, 0x70, 0x17,
    0x20, 0x27, 0x10, 0x5, 0xf4, 0x0, 0x0, 0x5f,
    0x40, 0x0, 0x5, 0xf4, 0x0, 0x0, 0x5f, 0x40,
    0x0, 0x5, 0xf4, 0x0, 0x0, 0x5f, 0x40, 0x0,
    0x5, 0xf4, 0x0, 0x0, 0x5f, 0x40, 0x0, 0x5,
    0xf4, 0x0, 0x0, 0x5f, 0x40, 0x0, 0x5, 0xf4,
    0x0, 0x0, 0x5f, 0x40, 0x0,

    /* U+00CF "Ï" */
    0x66, 0x6, 0x5a, 0x90, 0xa9, 0x0, 0x0, 0x0,
    0x5f, 0x40, 0x5, 0xf4, 0x0, 0x5f, 0x40, 0x5,
    0xf4, 0x0, 0x5f, 0x40, 0x5, 0xf4, 0x0, 0x5f,
    0x40, 0x5, 0xf4, 0x0, 0x5f, 0x40, 0x5, 0xf4,
    0x0, 0x5f, 0x40, 0x5, 0xf4, 0x0,

    /* U+00D0 "Ð" */
    0x3, 0xff, 0xff, 0xfe, 0xb4, 0x0, 0x0, 0x3f,
    0xa7, 0x77, 0x9e, 0xfa, 0x0, 0x3, 0xf6, 0x0,
    0x0, 0x8, 0xf8, 0x0, 0x3f, 0x60, 0x0, 0x0,
    0xb, 0xf1, 0x4, 0xf7, 0x11, 0x0, 0x0, 0x4f,
    0x6d, 0xff, 0xff, 0xf9, 0x0, 0x1, 0xf8, 0x37,
    0xfa, 0x44, 0x20, 0x0, 0x1f, 0x80, 0x3f, 0x60,
    0x0, 0x0, 0x4, 0xf6, 0x3, 0xf6, 0x0, 0x0,
    0x0, 0xbf, 0x10, 0x3f, 0x60, 0x0, 0x0, 0x8f,
    0x80, 0x3, 0xfa, 0x77, 0x79, 0xef, 0xa0, 0x0,
    0x3f, 0xff, 0xff, 0xeb, 0x40, 0x0,

    /* U+00D1 "Ñ" */
    0x0, 0x8, 0xd7, 0xc, 0x10, 0x0, 0x1, 0xc2,
    0x8e, 0x80, 0x0, 0x0, 0x0, 0x0, 0x0, 0x0,
    0x5, 0xf5, 0x0, 0x0, 0x4, 0xf5, 0x5f, 0xf2,
    0x0, 0x0, 0x4f, 0x55, 0xff, 0xd0, 0x0, 0x4,
    0xf5, 0x5f, 0xaf, 0x90, 0x0, 0x4f, 0x55, 0xf4,
    0xaf, 0x50, 0x4, 0xf5, 0x5f, 0x40, 0xdf, 0x20,
    0x4f, 0x55, 0xf4, 0x2, 0xfd, 0x4, 0xf5, 0x5f,
    0x40, 0x6, 0xf9, 0x4f, 0x55, 0xf4, 0x0, 0xa,
    0xfa, 0xf5, 0x5f, 0x40, 0x0, 0xd, 0xff, 0x55,
    0xf4, 0x0, 0x0, 0x2f, 0xf5, 0x5f, 0x40, 0x0,
    0x0, 0x6f, 0x50,

    /* U+00D2 "Ò" */
    0x0, 0x0, 0x8f, 0x50, 0x0, 0x0, 0x0, 0x0,
    0x0, 0x4e, 0x60, 0x0, 0x0, 0x0, 0x0, 0x0,
    0x0, 0x0, 0x0, 0x0, 0x0, 0x18, 0xdf, 0xeb,
    0x50, 0x0, 0x0, 0x4f, 0xfb, 0x89, 0xef, 0xa0,
    0x0, 0x2f, 0xd2, 0x0, 0x0, 0x8f, 0x90, 0xb,
    0xf2, 0x0, 0x0, 0x0, 0xaf, 0x20, 0xfa, 0x0,
    0x0, 0x0, 0x3, 0xf7, 0x2f, 0x60, 0x0, 0x0,
    0x0, 0xf, 0x92, 0xf6, 0x0, 0x0, 0x0, 0x0,
    0xf9, 0xf, 0xa0, 0x0, 0x0, 0x0, 0x3f, 0x70,
    0xbf, 0x20, 0x0, 0x0, 0xa, 0xf2, 0x2, 0xfd,
    0x20, 0x0, 0x8, 0xf9, 0x0, 0x4, 0xff, 0xb8,
    0x9e, 0xfa, 0x0, 0x0, 0x2, 0x8d, 0xfe, 0xb5,
    0x0, 0x0,

    /* U+00D3 "Ó" */
    0x0, 0x0, 0x0, 0x1c, 0xd2, 0x0, 0x0, 0x0,
    0x0, 0x1d, 0x90, 0x0, 0x0, 0x0, 0x0, 0x0,
    0x0, 0x0, 0x0, 0x0, 0x0, 0x18, 0xdf, 0xeb,
    0x50, 0x0, 0x0, 0x4f, 0xfb, 0x89, 0xef, 0xa0,
    0x0, 0x2f, 0xd2, 0x0, 0x0, 0x8f, 0x90, 0xb,
    0xf2, 0x0, 0x0, 0x0, 0xaf, 0x20, 0xfa, 0x0,
    0x0, 0x0, 0x3, 0xf7, 0x2f, 0x60, 0x0, 0x0,
    0x0, 0xf, 0x92, 0xf6, 0x0, 0x0, 0x0, 0x0,
    0xf9, 0xf, 0xa0, 0x0, 0x0, 0x0, 0x3f, 0x70,
    0xbf, 0x20, 0x0, 0x0, 0xa, 0xf2, 0x2, 0xfd,
    0x20, 0x0, 0x8, 0xf9, 0x0, 0x4, 0xff, 0xb8,
    0x9e, 0xfa, 0x0, 0x0, 0x2, 0x8d, 0xfe, 0xb5,
    0x0, 0x0,

    /* U+00D4 "Ô" */
    0x0, 0x0, 0x8, 0xfd, 0x20, 0x0, 0x0, 0x0,
    0x9, 0xc1, 0x6e, 0x20, 0x0, 0x0, 0x0, 0x0,
    0x0, 0x0, 0x0, 0x0, 0x0, 0x18, 0xdf, 0xeb,
    0x50, 0x0, 0x0, 0x4f, 0xfb, 0x89, 0xef, 0xa0,
    0x0, 0x2f, 0xd2, 0x0, 0x0, 0x8f, 0x90, 0xb,
    0xf2, 0x0, 0x0, 0x0, 0xaf, 0x20, 0xfa, 0x0,
    0x0, 0x0, 0x3, 0xf7, 0x2f, 0x60, 0x0, 0x0,
    0x0, 0xf, 0x92, 0xf6, 0x0, 0x0, 0x0, 0x0,
    0xf9, 0xf, 0xa0, 0x0, 0x0, 0x0, 0x3f, 0x70,
    0xbf, 0x20, 0x0, 0x0, 0xa, 0xf2, 0x2, 0xfd,
    0x20, 0x0, 0x8, 0xf9, 0x0, 0x4, 0xff, 0xb8,
    0x9e, 0xfa, 0x0, 0x0, 0x2, 0x8d, 0xfe, 0xb5,
    0x0, 0x0,

    /* U+00D5 "Õ" */
    0x0, 0x0, 0x5d, 0x91, 0x94, 0x0, 0x0, 0x0,
    0xd, 0x36, 0xdb, 0x0, 0x0, 0x0, 0x0, 0x0,
    0x0, 0x0, 0x0, 0x0, 0x0, 0x18, 0xdf, 0xeb,
    0x50, 0x0, 0x0, 0x4f, 0xfb, 0x89, 0xef, 0xa0,
    0x0, 0x2f, 0xd2, 0x0, 0x0, 0x8f, 0x90, 0xb,
    0xf2, 0x0, 0x0, 0x0, 0xaf, 0x20, 0xfa, 0x0,
    0x0, 0x0, 0x3, 0xf7, 0x2f, 0x60, 0x0, 0x0,
    0x0, 0xf, 0x92, 0xf6, 0x0, 0x0, 0x0, 0x0,
    0xf9, 0xf, 0xa0, 0x0, 0x0, 0x0, 0x3f, 0x70,
    0xbf, 0x20, 0x0, 0x0, 0xa, 0xf2, 0x2, 0xfd,
    0x20, 0x0, 0x8, 0xf9, 0x0, 0x4, 0xff, 0xb8,
    0x9e, 0xfa, 0x0, 0x0, 0x2, 0x8d, 0xfe, 0xb5,
    0x0, 0x0,

    /* U+00D6 "Ö" */
    0x0, 0x0, 0x5d, 0x6, 0xd0, 0x0, 0x0, 0x0,
    0x3, 0x90, 0x48, 0x0, 0x0, 0x0, 0x0, 0x0,
    0x0, 0x0, 0x0, 0x0, 0x0, 0x18, 0xdf, 0xeb,
    0x50, 0x0, 0x0, 0x4f, 0xfb, 0x89, 0xef, 0xa0,
    0x0, 0x2f, 0xd2, 0x0, 0x0, 0x8f, 0x90, 0xb,
    0xf2, 0x0, 0x0, 0x0, 0xaf, 0x20, 0xfa, 0x0,
    0x0, 0x0, 0x3, 0xf7, 0x2f, 0x60, 0x0, 0x0,
    0x0, 0xf, 0x92, 0xf6, 0x0, 0x0, 0x0, 0x0,
    0xf9, 0xf, 0xa0, 0x0, 0x0, 0x0, 0x3f, 0x70,
    0xbf, 0x20, 0x0, 0x0, 0xa, 0xf2, 0x2, 0xfd,
    0x20, 0x0, 0x8, 0xf9, 0x0, 0x4, 0xff, 0xb8,
    0x9e, 0xfa, 0x0, 0x0, 0x2, 0x8d, 0xfe, 0xb5,
    0x0, 0x0,

    /* U+00D7 "×" */
    0x0, 0x0, 0x0, 0x1, 0xc2, 0x0, 0xb4, 0xb,
    0xe2, 0xbe, 0x20, 0xc, 0xfe, 0x20, 0x0, 0x9f,
    0xd1, 0x0, 0x8f, 0x5d, 0xc0, 0x1e, 0x50, 0x1e,
    0x50, 0x10, 0x0, 0x10,

    /* U+00D8 "Ø" */
    0x0, 0x0, 0x0, 0x0, 0x0, 0x6c, 0x0, 0x0,
    0x18, 0xdf, 0xeb, 0x7e, 0x20, 0x0, 0x4f, 0xfb,
    0x89, 0xef, 0xf0, 0x0, 0x2f, 0xd2, 0x0, 0x8,
    0xff, 0x90, 0xb, 0xf2, 0x0, 0x3, 0xe2, 0xaf,
    0x20, 0xfa, 0x0, 0x0, 0xd6, 0x3, 0xf7, 0x2f,
    0x60, 0x0, 0x8b, 0x0, 0xf, 0x92, 0xf6, 0x0,
    0x3e, 0x10, 0x0, 0xf9, 0xf, 0xa0, 0xd, 0x50,
    0x0, 0x3f, 0x70, 0xbf, 0x29, 0xa0, 0x0, 0xa,
    0xf2, 0x2, 0xff, 0xf1, 0x0, 0x8, 0xf9, 0x0,
    0x6, 0xff, 0xb8, 0x9e, 0xfa, 0x0, 0x0, 0xab,
    0x8d, 0xfe, 0xb5, 0x0, 0x0, 0x5d, 0x0, 0x0,
    0x0, 0x0, 0x0,

    /* U+00D9 "Ù" */
    0x0, 0x2c, 0xc1, 0x0, 0x0, 0x0, 0x0, 0x8,
    0xd2, 0x0, 0x0, 0x0, 0x0, 0x0, 0x0, 0x0,
    0x6, 0xf3, 0x0, 0x0, 0x8, 0xf1, 0x6f, 0x30,
    0x0, 0x0, 0x8f, 0x16, 0xf3, 0x0, 0x0, 0x8,
    0xf1, 0x6f, 0x30, 0x0, 0x0, 0x8f, 0x16, 0xf3,
    0x0, 0x0, 0x8, 0xf1, 0x6f, 0x30, 0x0, 0x0,
    0x8f, 0x16, 0xf3, 0x0, 0x0, 0x8, 0xf0, 0x5f,
    0x40, 0x0, 0x0, 0x9f, 0x3, 0xf7, 0x0, 0x0,
    0xc, 0xd0, 0xd, 0xe2, 0x0, 0x5, 0xf8, 0x0,
    0x4f, 0xfa, 0x8b, 0xfd, 0x0, 0x0, 0x3b, 0xef,
    0xd8, 0x10, 0x0,

    /* U+00DA "Ú" */
    0x0, 0x0, 0x4, 0xf9, 0x0, 0x0, 0x0, 0x5,
    0xe5, 0x0, 0x0, 0x0, 0x0, 0x0, 0x0, 0x0,
    0x6, 0xf3, 0x0, 0x0, 0x8, 0xf1, 0x6f, 0x30,
    0x0, 0x0, 0x8f, 0x16, 0xf3, 0x0, 0x0, 0x8,
    0xf1, 0x6f, 0x30, 0x0, 0x0, 0x8f, 0x16, 0xf3,
    0x0, 0x0, 0x8, 0xf1, 0x6f, 0x30, 0x0, 0x0,
    0x8f, 0x16, 0xf3, 0x0, 0x0, 0x8, 0xf0, 0x5f,
    0x40, 0x0, 0x0, 0x9f, 0x3, 0xf7, 0x0, 0x0,
    0xc, 0xd0, 0xd, 0xe2, 0x0, 0x5, 0xf8, 0x0,
    0x4f, 0xfa, 0x8b, 0xfd, 0x0, 0x0, 0x3b, 0xef,
    0xd8, 0x10, 0x0,

    /* U+00DB "Û" */
    0x0, 0x1, 0xdf, 0x90, 0x0, 0x0, 0x2, 0xd7,
    0x1b, 0xa0, 0x0, 0x0, 0x0, 0x0, 0x0, 0x0,
    0x6, 0xf3, 0x0, 0x0, 0x8, 0xf1, 0x6f, 0x30,
    0x0, 0x0, 0x8f, 0x16, 0xf3, 0x0, 0x0, 0x8,
    0xf1, 0x6f, 0x30, 0x0, 0x0, 0x8f, 0x16, 0xf3,
    0x0, 0x0, 0x8, 0xf1, 0x6f, 0x30, 0x0, 0x0,
    0x8f, 0x16, 0xf3, 0x0, 0x0, 0x8, 0xf0, 0x5f,
    0x40, 0x0, 0x0, 0x9f, 0x3, 0xf7, 0x0, 0x0,
    0xc, 0xd0, 0xd, 0xe2, 0x0, 0x5, 0xf8, 0x0,
    0x4f, 0xfa, 0x8b, 0xfd, 0x0, 0x0, 0x3b, 0xef,
    0xd8, 0x10, 0x0,

    /* U+00DC "Ü" */
    0x0, 0xc, 0x70, 0xc6, 0x0, 0x0, 0x0, 0x84,
    0x8, 0x40, 0x0, 0x0, 0x0, 0x0, 0x0, 0x0,
    0x6, 0xf3, 0x0, 0x0, 0x8, 0xf1, 0x6f, 0x30,
    0x0, 0x0, 0x8f, 0x16, 0xf3, 0x0, 0x0, 0x8,
    0xf1, 0x6f, 0x30, 0x0, 0x0, 0x8f, 0x16, 0xf3,
    0x0, 0x0, 0x8, 0xf1, 0x6f, 0x30, 0x0, 0x0,
    0x8f, 0x16, 0xf3, 0x0, 0x0, 0x8, 0xf0, 0x5f,
    0x40, 0x0, 0x0, 0x9f, 0x3, 0xf7, 0x0, 0x0,
    0xc, 0xd0, 0xd, 0xe2, 0x0, 0x5, 0xf8, 0x0,
    0x4f, 0xfa, 0x8b, 0xfd, 0x0, 0x0, 0x3b, 0xef,
    0xd8, 0x10, 0x0,

    /* U+00DD "Ý" */
    0x0, 0x0, 0x0, 0x4f, 0x90, 0x0, 0x0, 0x0,
    0x3, 0xf7, 0x0, 0x0, 0x0, 0x0, 0x6, 0x50,
    0x0, 0x0, 0xc, 0xe0, 0x0, 0x0, 0x7, 0xf2,
    0x3, 0xf7, 0x0, 0x0, 0x1f, 0x90, 0x0, 0xaf,
    0x10, 0x0, 0x9e, 0x10, 0x0, 0x1f, 0xa0, 0x2,
    0xf6, 0x0, 0x0, 0x8, 0xf3, 0xb, 0xd0, 0x0,
    0x0, 0x0, 0xec, 0x4f, 0x40, 0x0, 0x0, 0x0,
    0x5f, 0xfb, 0x0, 0x0, 0x0, 0x0, 0xc, 0xf2,
    0x0, 0x0, 0x0, 0x0, 0x9, 0xf0, 0x0, 0x0,
    0x0, 0x0, 0x9, 0xf0, 0x0, 0x0, 0x0, 0x0,
    0x9, 0xf0, 0x0, 0x0, 0x0, 0x0, 0x9, 0xf0,
    0x0, 0x0,

    /* U+00DE "Þ" */
    0x5f, 0x40, 0x0, 0x0, 0x0, 0x5f, 0x62, 0x21,
    0x0, 0x0, 0x5f, 0xff, 0xff, 0xf9, 0x10, 0x5f,
    0x85, 0x56, 0x9f, 0xd0, 0x5f, 0x40, 0x0, 0x5,
    0xf6, 0x5f, 0x40, 0x0, 0x0, 0xfa, 0x5f, 0x40,
    0x0, 0x0, 0xfa, 0x5f, 0x40, 0x0, 0x4, 0xf8,
    0x5f, 0x52, 0x23, 0x6e, 0xe1, 0x5f, 0xff, 0xff,
    0xfc, 0x30, 0x5f, 0x85, 0x54, 0x20, 0x0, 0x5f,
    0x40, 0x0, 0x0, 0x0,

    /* U+00DF "ß" */
    0x0, 0x8e, 0xfe, 0x80, 0x0, 0xc, 0xf9, 0x79,
    0xfb, 0x0, 0x4f, 0x60, 0x0, 0x7f, 0x10, 0x7f,
    0x0, 0x0, 0x6f, 0x10, 0x8f, 0x0, 0x15, 0xe9,
    0x0, 0x8f, 0x0, 0xef, 0xf5, 0x0, 0x8f, 0x0,
    0x35, 0xaf, 0x70, 0x8f, 0x0, 0x0, 0xa, 0xf0,
    0x8f, 0x0, 0x0, 0x7, 0xf1, 0x8f, 0x0, 0x0,
    0xb, 0xf0, 0x8f, 0x3, 0x77, 0xbf, 0x70, 0x8f,
    0x6, 0xff, 0xd6, 0x0,

    /* U+00E0 "à" */
    0x0, 0x8f, 0x40, 0x0, 0x0, 0x0, 0x4d, 0x50,
    0x0, 0x0, 0x0, 0x0, 0x0, 0x0, 0x19, 0xef,
    0xd8, 0x0, 0xc, 0xe8, 0x7a, 0xf9, 0x0, 0x20,
    0x0, 0xa, 0xf0, 0x0, 0x0, 0x0, 0x6f, 0x20,
    0x2b, 0xef, 0xff, 0xf2, 0xe, 0xc4, 0x22, 0x7f,
    0x22, 0xf5, 0x0, 0x7, 0xf2, 0xe, 0xc4, 0x27,
    0xff, 0x20, 0x2b, 0xff, 0xb6, 0xf2,

    /* U+00E1 "á" */
    0x0, 0x0, 0x1d, 0xc1, 0x0, 0x0, 0x2d, 0x70,
    0x0, 0x0, 0x0, 0x0, 0x0, 0x0, 0x19, 0xef,
    0xd8, 0x0, 0xc, 0xe8, 0x7a, 0xf9, 0x0, 0x20,
    0x0, 0xa, 0xf0, 0x0, 0x0, 0x0, 0x6f, 0x20,
    0x2b, 0xef, 0xff, 0xf2, 0xe, 0xc4, 0x22, 0x7f,
    0x22, 0xf5, 0x0, 0x7, 0xf2, 0xe, 0xc4, 0x27,
    0xff, 0x20, 0x2b, 0xff, 0xb6, 0xf2,

    /* U+00E2 "â" */
    0x0, 0x9, 0xfd, 0x10, 0x0, 0xa, 0xa1, 0x7c,
    0x10, 0x0, 0x0, 0x0, 0x0, 0x0, 0x19, 0xef,
    0xd8, 0x0, 0xc, 0xe8, 0x7a, 0xf9, 0x0, 0x20,
    0x0, 0xa, 0xf0, 0x0, 0x0, 0x0, 0x6f, 0x20,
    0x2b, 0xef, 0xff, 0xf2, 0xe, 0xc4, 0x22, 0x7f,
    0x22, 0xf5, 0x0, 0x7, 0xf2, 0xe, 0xc4, 0x27,
    0xff, 0x20, 0x2b, 0xff, 0xb6, 0xf2,

    /* U+00E3 "ã" */
    0x0, 0x7f, 0xa0, 0xb4, 0x0, 0xd, 0x16, 0xda,
    0x0, 0x0, 0x0, 0x0, 0x0, 0x0, 0x19, 0xef,
    0xd8, 0x0, 0xc, 0xe8, 0x7a, 0xf9, 0x0, 0x20,
    0x0, 0xa, 0xf0, 0x0, 0x0, 0x0, 0x6f, 0x20,
    0x2b, 0xef, 0xff, 0xf2, 0xe, 0xc4, 0x22, 0x7f,
    0x22, 0xf5, 0x0, 0x7, 0xf2, 0xe, 0xc4, 0x27,
    0xff, 0x20, 0x2b, 0xff, 0xb6, 0xf2,

    /* U+00E4 "ä" */
    0x0, 0x7c, 0x7, 0xb0, 0x0, 0x4, 0x80, 0x47,
    0x0, 0x0, 0x0, 0x0, 0x0, 0x0, 0x19, 0xef,
    0xd8, 0x0, 0xc, 0xe8, 0x7a, 0xf9, 0x0, 0x20,
    0x0, 0xa, 0xf0, 0x0, 0x0, 0x0, 0x6f, 0x20,
    0x2b, 0xef, 0xff, 0xf2, 0xe, 0xc4, 0x22, 0x7f,
    0x22, 0xf5, 0x0, 0x7, 0xf2, 0xe, 0xc4, 0x27,
    0xff, 0x20, 0x2b, 0xff, 0xb6, 0xf2,

    /* U+00E5 "å" */
    0x0, 0x5, 0xb8, 0x0, 0x0, 0x0, 0xb0, 0x74,
    0x0, 0x0, 0xb, 0x7, 0x50, 0x0, 0x0, 0x5b,
    0x90, 0x0, 0x0, 0x0, 0x0, 0x0, 0x0, 0x19,
    0xef, 0xd8, 0x0, 0xc, 0xe8, 0x7a, 0xf9, 0x0,
    0x20, 0x0, 0xa, 0xf0, 0x0, 0x0, 0x0, 0x6f,
    0x20, 0x2b, 0xef, 0xff, 0xf2, 0xe, 0xc4, 0x22,
    0x7f, 0x22, 0xf5, 0x0, 0x7, 0xf2, 0xe, 0xc4,
    0x27, 0xff, 0x20, 0x2b, 0xff, 0xb6, 0xf2,

    /* U+00E6 "æ" */
    0x1, 0x9e, 0xfe, 0x80, 0x3b, 0xfe, 0xa2, 0x0,
    0xb, 0xe8, 0x7a, 0xfb, 0xfd, 0x78, 0xee, 0x20,
    0x2, 0x0, 0x0, 0xaf, 0xc0, 0x0, 0x1e, 0xb0,
    0x0, 0x0, 0x0, 0x6f, 0x50, 0x0, 0x8, 0xf0,
    0x3, 0xbe, 0xff, 0xff, 0xff, 0xff, 0xff, 0xf2,
    0xe, 0xb4, 0x22, 0x7f, 0x62, 0x22, 0x22, 0x20,
    0x2f, 0x60, 0x0, 0x9f, 0xc0, 0x0, 0x2, 0x0,
    0xe, 0xe8, 0x7a, 0xf8, 0xfd, 0x87, 0xaf, 0x50,
    0x2, 0xbe, 0xfc, 0x40, 0x3b, 0xef, 0xd6, 0x0,

    /* U+00E7 "ç" */
    0x0, 0x3a, 0xef, 0xc4, 0x0, 0x4f, 0xd8, 0x7c,
    0xf4, 0xd, 0xd0, 0x0, 0x7, 0x13, 0xf6, 0x0,
    0x0, 0x0, 0x4f, 0x30, 0x0, 0x0, 0x3, 0xf6,
    0x0, 0x0, 0x0, 0xd, 0xd0, 0x0, 0x6, 0x10,
    0x4f, 0xd7, 0x7c, 0xf4, 0x0, 0x3a, 0xff, 0xc4,
    0x0, 0x0, 0xd, 0x50, 0x0, 0x0, 0x0, 0x2d,
    0x40, 0x0, 0x0, 0xce, 0xc1, 0x0,

    /* U+00E8 "è" */
    0x0, 0x5f, 0x70, 0x0, 0x0, 0x0, 0x2, 0xc8,
    0x0, 0x0, 0x0, 0x0, 0x0, 0x0, 0x0, 0x0,
    0x3b, 0xfe, 0xa2, 0x0, 0x4, 0xfc, 0x67, 0xee,
    0x20, 0xe, 0xc0, 0x0, 0x1e, 0xa0, 0x3f, 0x50,
    0x0, 0x7, 0xf0, 0x4f, 0xff, 0xff, 0xff, 0xf1,
    0x3f, 0x72, 0x22, 0x22, 0x20, 0xe, 0xc0, 0x0,
    0x2, 0x0, 0x4, 0xfd, 0x87, 0xaf, 0x50, 0x0,
    0x3a, 0xef, 0xd6, 0x0,

    /* U+00E9 "é" */
    0x0, 0x0, 0xa, 0xe4, 0x0, 0x0, 0x0, 0xaa,
    0x10, 0x0, 0x0, 0x0, 0x0, 0x0, 0x0, 0x0,
    0x3b, 0xfe, 0xa2, 0x0, 0x4, 0xfc, 0x67, 0xee,
    0x20, 0xe, 0xc0, 0x0, 0x1e, 0xa0, 0x3f, 0x50,
    0x0, 0x7, 0xf0, 0x4f, 0xff, 0xff, 0xff, 0xf1,
    0x3f, 0x72, 0x22, 0x22, 0x20, 0xe, 0xc0, 0x0,
    0x2, 0x0, 0x4, 0xfd, 0x87, 0xaf, 0x50, 0x0,
    0x3a, 0xef, 0xd6, 0x0,

    /* U+00EA "ê" */
    0x0, 0x6, 0xfe, 0x30, 0x0, 0x0, 0x6d, 0x24,
    0xd4, 0x0, 0x0, 0x0, 0x0, 0x0, 0x0, 0x0,
    0x3b, 0xfe, 0xa2, 0x0, 0x4, 0xfc, 0x67, 0xee,
    0x20, 0xe, 0xc0, 0x0, 0x1e, 0xa0, 0x3f, 0x50,
    0x0, 0x7, 0xf0, 0x4f, 0xff, 0xff, 0xff, 0xf1,
    0x3f, 0x72, 0x22, 0x22, 0x20, 0xe, 0xc0, 0x0,
    0x2, 0x0, 0x4, 0xfd, 0x87, 0xaf, 0x50, 0x0,
    0x3a, 0xef, 0xd6, 0x0,

    /* U+00EB "ë" */
    0x0, 0x3e, 0x13, 0xe1, 0x0, 0x0, 0x29, 0x2,
    0x90, 0x0, 0x0, 0x0, 0x0, 0x0, 0x0, 0x0,
    0x3b, 0xfe, 0xa2, 0x0, 0x4, 0xfc, 0x67, 0xee,
    0x20, 0xe, 0xc0, 0x0, 0x1e, 0xa0, 0x3f, 0x50,
    0x0, 0x7, 0xf0, 0x4f, 0xff, 0xff, 0xff, 0xf1,
    0x3f, 0x72, 0x22, 0x22, 0x20, 0xe, 0xc0, 0x0,
    0x2, 0x0, 0x4, 0xfd, 0x87, 0xaf, 0x50, 0x0,
    0x3a, 0xef, 0xd6, 0x0,

    /* U+00EC "ì" */
    0x2d, 0xc1, 0x0, 0x8, 0xb1, 0x0, 0x0, 0x0,
    0x8, 0xf0, 0x0, 0x8f, 0x0, 0x8, 0xf0, 0x0,
    0x8f, 0x0, 0x8, 0xf0, 0x0, 0x8f, 0x0, 0x8,
    0xf0, 0x0, 0x8f, 0x0, 0x8, 0xf0,

    /* U+00ED "í" */
    0x6, 0xf7, 0x6, 0xc3, 0x0, 0x0, 0x0, 0x8,
    0xf0, 0x0, 0x8f, 0x0, 0x8, 0xf0, 0x0, 0x8f,
    0x0, 0x8, 0xf0, 0x0, 0x8f, 0x0, 0x8, 0xf0,
    0x0, 0x8f, 0x0, 0x8, 0xf0, 0x0,

    /* U+00EE "î" */
    0x1, 0xdf, 0x60, 0xb, 0x72, 0xd4, 0x0, 0x0,
    0x0, 0x0, 0x8f, 0x0, 0x0, 0x8f, 0x0, 0x0,
    0x8f, 0x0, 0x0, 0x8f, 0x0, 0x0, 0x8f, 0x0,
    0x0, 0x8f, 0x0, 0x0, 0x8f, 0x0, 0x0, 0x8f,
    0x0, 0x0, 0x8f, 0x0,

    /* U+00EF "ï" */
    0x8a, 0x4e, 0x5, 0x62, 0x90, 0x0, 0x0, 0x0,
    0x8f, 0x0, 0x8, 0xf0, 0x0, 0x8f, 0x0, 0x8,
    0xf0, 0x0, 0x8f, 0x0, 0x8, 0xf0, 0x0, 0x8f,
    0x0, 0x8, 0xf0, 0x0, 0x8f, 0x0,

    /* U+00F0 "ð" */
    0x5, 0xdf, 0xec, 0x64, 0x70, 0x4, 0x86, 0x7e,
    0xff, 0xa0, 0x0, 0x18, 0xee, 0x8f, 0xa0, 0x0,
    0xcc, 0x50, 0x7, 0xf2, 0x0, 0x0, 0x0, 0x2,
    0xf6, 0x0, 0x8e, 0xff, 0xa2, 0xf8, 0xa, 0xf9,
    0x55, 0xbd, 0xf8, 0x2f, 0x80, 0x0, 0xb, 0xf7,
    0x4f, 0x40, 0x0, 0x7, 0xf3, 0x2f, 0x80, 0x0,
    0xc, 0xd0, 0x9, 0xfa, 0x67, 0xdf, 0x30, 0x0,
    0x7d, 0xfe, 0xa2, 0x0,

    /* U+00F1 "ñ" */
    0x0, 0x9f, 0x80, 0xd1, 0x0, 0x1c, 0x18, 0xe8,
    0x0, 0x0, 0x0, 0x0, 0x0, 0x8, 0xe3, 0xbf,
    0xea, 0x10, 0x8f, 0xfa, 0x68, 0xfd, 0x8, 0xf8,
    0x0, 0x6, 0xf4, 0x8f, 0x10, 0x0, 0x1f, 0x78,
    0xf0, 0x0, 0x0, 0xf8, 0x8f, 0x0, 0x0, 0xf,
    0x88, 0xf0, 0x0, 0x0, 0xf8, 0x8f, 0x0, 0x0,
    0xf, 0x88, 0xf0, 0x0, 0x0, 0xf8,

    /* U+00F2 "ò" */
    0x0, 0x4e, 0xa0, 0x0, 0x0, 0x0, 0x1, 0xba,
    0x0, 0x0, 0x0, 0x0, 0x0, 0x0, 0x0, 0x0,
    0x3b, 0xef, 0xc4, 0x0, 0x4, 0xfd, 0x87, 0xcf,
    0x60, 0xe, 0xd0, 0x0, 0xb, 0xf1, 0x3f, 0x60,
    0x0, 0x3, 0xf5, 0x4f, 0x30, 0x0, 0x1, 0xf7,
    0x3f, 0x60, 0x0, 0x3, 0xf5, 0xe, 0xd0, 0x0,
    0xb, 0xf1, 0x4, 0xfd, 0x77, 0xcf, 0x60, 0x0,
    0x3b, 0xef, 0xc4, 0x0,

    /* U+00F3 "ó" */
    0x0, 0x0, 0x8, 0xf5, 0x0, 0x0, 0x0, 0x8c,
    0x20, 0x0, 0x0, 0x0, 0x0, 0x0, 0x0, 0x0,
    0x3b, 0xef, 0xc4, 0x0, 0x4, 0xfd, 0x87, 0xcf,
    0x60, 0xe, 0xd0, 0x0, 0xb, 0xf1, 0x3f, 0x60,
    0x0, 0x3, 0xf5, 0x4f, 0x30, 0x0, 0x1, 0xf7,
    0x3f, 0x60, 0x0, 0x3, 0xf5, 0xe, 0xd0, 0x0,
    0xb, 0xf1, 0x4, 0xfd, 0x77, 0xcf, 0x60, 0x0,
    0x3b, 0xef, 0xc4, 0x0,

    /* U+00F4 "ô" */
    0x0, 0x4, 0xef, 0x60, 0x0, 0x0, 0x4d, 0x42,
    0xd6, 0x0, 0x0, 0x0, 0x0, 0x0, 0x0, 0x0,
    0x3b, 0xef, 0xc4, 0x0, 0x4, 0xfd, 0x87, 0xcf,
    0x60, 0xe, 0xd0, 0x0, 0xb, 0xf1, 0x3f, 0x60,
    0x0, 0x3, 0xf5, 0x4f, 0x30, 0x0, 0x1, 0xf7,
    0x3f, 0x60, 0x0, 0x3, 0xf5, 0xe, 0xd0, 0x0,
    0xb, 0xf1, 0x4, 0xfd, 0x77, 0xcf, 0x60, 0x0,
    0x3b, 0xef, 0xc4, 0x0,

    /* U+00F5 "õ" */
    0x0, 0x2d, 0xd3, 0x4a, 0x0, 0x0, 0x86, 0x3c,
    0xd3, 0x0, 0x0, 0x0, 0x0, 0x0, 0x0, 0x0,
    0x3b, 0xef, 0xc4, 0x0, 0x4, 0xfd, 0x87, 0xcf,
    0x60, 0xe, 0xd0, 0x0, 0xb, 0xf1, 0x3f, 0x60,
    0x0, 0x3, 0xf5, 0x4f, 0x30, 0x0, 0x1, 0xf7,
    0x3f, 0x60, 0x0, 0x3, 0xf5, 0xe, 0xd0, 0x0,
    0xb, 0xf1, 0x4, 0xfd, 0x77, 0xcf, 0x60, 0x0,
    0x3b, 0xef, 0xc4, 0x0,

    /* U+00F6 "ö" */
    0x0, 0x1e, 0x31, 0xe3, 0x0, 0x0, 0x9, 0x20,
    0x91, 0x0, 0x0, 0x0, 0x0, 0x0, 0x0, 0x0,
    0x3b, 0xef, 0xc4, 0x0, 0x4, 0xfd, 0x87, 0xcf,
    0x60, 0xe, 0xd0, 0x0, 0xb, 0xf1, 0x3f, 0x60,
    0x0, 0x3, 0xf5, 0x4f, 0x30, 0x0, 0x1, 0xf7,
    0x3f, 0x60, 0x0, 0x3, 0xf5, 0xe, 0xd0, 0x0,
    0xb, 0xf1, 0x4, 0xfd, 0x77, 0xcf, 0x60, 0x0,
    0x3b, 0xef, 0xc4, 0x0,

    /* U+00F7 "÷" */
    0x0, 0x1e, 0x60, 0x0, 0x0, 0x1e, 0x60, 0x0,
    0x0, 0x0, 0x0, 0x0, 0x1, 0x11, 0x11, 0x10,
    0xef, 0xff, 0xff, 0xf3, 0x34, 0x44, 0x44, 0x40,
    0x0, 0x0, 0x0, 0x0, 0x0, 0x1f, 0x60, 0x0,
    0x0, 0x1e, 0x60, 0x0,

    /* U+00F8 "ø" */
    0x0, 0x0, 0x0, 0x3, 0xb0, 0x0, 0x3b, 0xef,
    0xcf, 0x20, 0x4, 0xfd, 0x87, 0xff, 0x60, 0xe,
    0xd0, 0x2, 0xcb, 0xf1, 0x3f, 0x60, 0xb, 0x33,
    0xf5, 0x4f, 0x30, 0x68, 0x1, 0xf7, 0x3f, 0x61,
    0xc0, 0x3, 0xf5, 0xe, 0xdb, 0x40, 0xb, 0xf1,
    0x4, 0xff, 0x77, 0xcf, 0x60, 0x0, 0xfc, 0xef,
    0xc4, 0x0, 0x9, 0x50, 0x0, 0x0, 0x0,

    /* U+00F9 "ù" */
    0x1, 0xbd, 0x20, 0x0, 0x0, 0x0, 0x7c, 0x20,
    0x0, 0x0, 0x0, 0x0, 0x0, 0xa, 0xe0, 0x0,
    0x2, 0xf5, 0xae, 0x0, 0x0, 0x2f, 0x5a, 0xe0,
    0x0, 0x2, 0xf5, 0xae, 0x0, 0x0, 0x2f, 0x5a,
    0xe0, 0x0, 0x2, 0xf5, 0x9f, 0x0, 0x0, 0x4f,
    0x56, 0xf3, 0x0, 0xa, 0xf5, 0x1e, 0xe7, 0x6b,
    0xff, 0x50, 0x2b, 0xef, 0xb3, 0xf5,

    /* U+00FA "ú" */
    0x0, 0x0, 0x4f, 0x90, 0x0, 0x0, 0x4d, 0x40,
    0x0, 0x0, 0x0, 0x0, 0x0, 0xa, 0xe0, 0x0,
    0x2, 0xf5, 0xae, 0x0, 0x0, 0x2f, 0x5a, 0xe0,
    0x0, 0x2, 0xf5, 0xae, 0x0, 0x0, 0x2f, 0x5a,
    0xe0, 0x0, 0x2, 0xf5, 0x9f, 0x0, 0x0, 0x4f,
    0x56, 0xf3, 0x0, 0xa, 0xf5, 0x1e, 0xe7, 0x6b,
    0xff, 0x50, 0x2b, 0xef, 0xb3, 0xf5,

    /* U+00FB "û" */
    0x0, 0x1d, 0xea, 0x0, 0x0, 0x1c, 0x70, 0x9a,
    0x0, 0x0, 0x0, 0x0, 0x0, 0xa, 0xe0, 0x0,
    0x2, 0xf5, 0xae, 0x0, 0x0, 0x2f, 0x5a, 0xe0,
    0x0, 0x2, 0xf5, 0xae, 0x0, 0x0, 0x2f, 0x5a,
    0xe0, 0x0, 0x2, 0xf5, 0x9f, 0x0, 0x0, 0x4f,
    0x56, 0xf3, 0x0, 0xa, 0xf5, 0x1e, 0xe7, 0x6b,
    0xff, 0x50, 0x2b, 0xef, 0xb3, 0xf5,

    /* U+00FC "ü" */
    0x0, 0xb7, 0xb, 0x70, 0x0, 0x7, 0x40, 0x74,
    0x0, 0x0, 0x0, 0x0, 0x0, 0xa, 0xe0, 0x0,
    0x2, 0xf5, 0xae, 0x0, 0x0, 0x2f, 0x5a, 0xe0,
    0x0, 0x2, 0xf5, 0xae, 0x0, 0x0, 0x2f, 0x5a,
    0xe0, 0x0, 0x2, 0xf5, 0x9f, 0x0, 0x0, 0x4f,
    0x56, 0xf3, 0x0, 0xa, 0xf5, 0x1e, 0xe7, 0x6b,
    0xff, 0x50, 0x2b, 0xef, 0xb3, 0xf5,

    /* U+00FD "ý" */
    0x0, 0x0, 0x5, 0xf7, 0x0, 0x0, 0x0, 0x6c,
    0x30, 0x0, 0x0, 0x0, 0x0, 0x0, 0x0, 0xd,
    0xc0, 0x0, 0x0, 0xcb, 0x6, 0xf3, 0x0, 0x2,
    0xf4, 0x0, 0xea, 0x0, 0x9, 0xd0, 0x0, 0x8f,
    0x10, 0x1f, 0x70, 0x0, 0x1f, 0x70, 0x7f, 0x10,
    0x0, 0xa, 0xe0, 0xd9, 0x0, 0x0, 0x3, 0xf9,
    0xf2, 0x0, 0x0, 0x0, 0xcf, 0xb0, 0x0, 0x0,
    0x0, 0x6f, 0x40, 0x0, 0x0, 0x0, 0xad, 0x0,
    0x0, 0x1c, 0x79, 0xf5, 0x0, 0x0, 0x1a, 0xee,
    0x70, 0x0, 0x0,

    /* U+00FE "þ" */
    0x8f, 0x0, 0x0, 0x0, 0x0, 0x8f, 0x0, 0x0,
    0x0, 0x0, 0x8f, 0x0, 0x0, 0x0, 0x0, 0x8f,
    0x2b, 0xfe, 0xb3, 0x0, 0x8f, 0xec, 0x78, 0xef,
    0x30, 0x8f, 0xa0, 0x0, 0x1e, 0xc0, 0x8f, 0x20,
    0x0, 0x7, 0xf1, 0x8f, 0x0, 0x0, 0x5, 0xf3,
    0x8f, 0x20, 0x0, 0x7, 0xf1, 0x8f, 0xa0, 0x0,
    0x1e, 0xd0, 0x8f, 0xec, 0x78, 0xef, 0x30, 0x8f,
    0x2b, 0xfe, 0xb3, 0x0, 0x8f, 0x0, 0x0, 0x0,
    0x0, 0x8f, 0x0, 0x0, 0x0, 0x0, 0x8f, 0x0,
    0x0, 0x0, 0x0,

    /* U+00FF "ÿ" */
    0x0, 0xd, 0x60, 0xd5, 0x0, 0x0, 0x8, 0x30,
    0x93, 0x0, 0x0, 0x0, 0x0, 0x0, 0x0, 0xd,
    0xc0, 0x0, 0x0, 0xcb, 0x6, 0xf3, 0x0, 0x2,
    0xf4, 0x0, 0xea, 0x0, 0x9, 0xd0, 0x0, 0x8f,
    0x10, 0x1f, 0x70, 0x0, 0x1f, 0x70, 0x7f, 0x10,
    0x0, 0xa, 0xe0, 0xd9, 0x0, 0x0, 0x3, 0xf9,
    0xf2, 0x0, 0x0, 0x0, 0xcf, 0xb0, 0x0, 0x0,
    0x0, 0x6f, 0x40, 0x0, 0x0, 0x0, 0xad, 0x0,
    0x0, 0x1c, 0x79, 0xf5, 0x0, 0x0, 0x1a, 0xee,
    0x70, 0x0, 0x0,

    /* U+0E01 "ก" */
    0x0, 0x7d, 0xfd, 0x60, 0x0, 0x9d, 0x53, 0x7f,
    0x60, 0x1f, 0x40, 0x0, 0x9d, 0x2, 0x9e, 0xa0,
    0x5, 0xf0, 0x5, 0xe2, 0x0, 0x5f, 0x0, 0xb9,
    0x0, 0x5, 0xf0, 0xc, 0x90, 0x0, 0x5f, 0x0,
    0xc9, 0x0, 0x5, 0xf0, 0xc, 0x90, 0x0, 0x5f,
    0x0, 0xc9, 0x0, 0x5, 0xf0,

    /* U+0E02 "ข" */
    0x8, 0xee, 0xa0, 0xf, 0x56, 0xfc, 0x3d, 0x80,
    0xf5, 0xa5, 0x86, 0x9a, 0xf, 0x5a, 0x58, 0x6d,
    0x60, 0xf5, 0x2c, 0xb7, 0xe0, 0xf, 0x50, 0x0,
    0xc9, 0x0, 0xf5, 0x0, 0xd, 0x80, 0xf, 0x50,
    0x0, 0xc8, 0x0, 0xf4, 0x0, 0xa, 0xd3, 0x7f,
    0x20, 0x0, 0x1b, 0xfe, 0x60,

    /* U+0E03 "ฃ" */
    0x0, 0x0, 0x0, 0x0, 0x0, 0xbd, 0x8f, 0x50,
    0xd8, 0x6d, 0x49, 0x7e, 0xd, 0x8a, 0xec, 0x24,
    0xf0, 0xd8, 0xa5, 0x77, 0x8b, 0xd, 0x82, 0xcc,
    0x3f, 0x40, 0xd8, 0x0, 0x7, 0xe0, 0xd, 0x80,
    0x0, 0x9b, 0x0, 0xd8, 0x0, 0x9, 0xb0, 0xd,
    0x80, 0x0, 0x6f, 0x45, 0xf5, 0x0, 0x0, 0xaf,
    0xe9, 0x0,

    /* U+0E04 "ค" */
    0x0, 0x7d, 0xfe, 0x91, 0x0, 0xbe, 0x63, 0x5d,
    0xe0, 0x2f, 0x40, 0x0, 0x1f, 0x54, 0xf0, 0x6c,
    0x90, 0xe7, 0x3f, 0x5f, 0x2b, 0x2e, 0x70, 0xfe,
    0x9c, 0xa0, 0xe7, 0xc, 0xf0, 0x0, 0xe, 0x70,
    0xad, 0x0, 0x0, 0xe7, 0x9, 0xb0, 0x0, 0xe,
    0x70, 0x9b, 0x0, 0x0, 0xe7,

    /* U+0E05 "ฅ" */
    0x0, 0x22, 0x0, 0x40, 0x0, 0x5f, 0xe5, 0xcf,
    0xa0, 0xe, 0x73, 0xd7, 0x3f, 0x33, 0xf1, 0x0,
    0x0, 0xe7, 0x4f, 0x4, 0xc8, 0xd, 0x82, 0xf2,
    0xe2, 0xb1, 0xd8, 0xf, 0x9f, 0x2b, 0x1d, 0x80,
    0xcf, 0x8c, 0x80, 0xd8, 0x9, 0xe0, 0x0, 0xd,
    0x80, 0x9c, 0x0, 0x0, 0xd8, 0x9, 0xb0, 0x0,
    0xd, 0x80,

    /* U+0E06 "ฆ" */
    0x0, 0x0, 0x0, 0x0, 0x0, 0xa, 0xd8, 0xf4,
    0x5, 0xf0, 0x4d, 0x49, 0x7d, 0x5, 0xf0, 0x9e,
    0xb1, 0x4f, 0x5, 0xf0, 0xb6, 0x76, 0x7c, 0x5,
    0xf0, 0x96, 0x76, 0xd7, 0x5, 0xf0, 0x1b, 0xb5,
    0xf1, 0x5, 0xf0, 0x0, 0x8, 0xc0, 0x5, 0xf0,
    0x0, 0xbf, 0xfc, 0x65, 0xf0, 0x3, 0xd1, 0xe7,
    0xbe, 0xf0, 0x0, 0xbe, 0xb0, 0xa, 0xf0,

    /* U+0E07 "ง" */
    0x0, 0xb, 0xe7, 0x0, 0x4, 0xa2, 0xf0, 0x0,
    0x4b, 0x2f, 0x10, 0x0, 0xbf, 0xf1, 0x12, 0x0,
    0x4f, 0x16, 0xe2, 0x4, 0xf1, 0x8, 0xe1, 0x4f,
    0x10, 0x9, 0xd5, 0xf1, 0x0, 0xa, 0xff, 0x10,
    0x0, 0xb, 0xf1,

    /* U+0E08 "จ" */
    0x3, 0xbe, 0xfd, 0x60, 0x2f, 0xa4, 0x37, 0xf5,
    0x37, 0x0, 0x0, 0xba, 0x3, 0xda, 0x0, 0xab,
    0xa, 0x2b, 0x40, 0xab, 0xa, 0x2b, 0x70, 0xab,
    0x3, 0xde, 0x90, 0xab, 0x0, 0x8, 0xc0, 0xab,
    0x0, 0x5, 0xf4, 0xda, 0x0, 0x0, 0xbf, 0xd2,

    /* U+0E09 "ฉ" */
    0x3, 0xae, 0xfd, 0x70, 0x2, 0xfa, 0x43, 0x6f,
    0x80, 0x26, 0x0, 0x0, 0x8e, 0x0, 0xbd, 0x30,
    0x6, 0xf0, 0x59, 0x5a, 0x0, 0x6f, 0x5, 0x95,
    0x90, 0x7, 0xe0, 0xc, 0xf4, 0x1, 0xda, 0x0,
    0x1f, 0x29, 0xfd, 0xb0, 0x2, 0xfe, 0xbf, 0xc,
    0x30, 0x2f, 0xa0, 0x8e, 0xb0,

    /* U+0E0A "ช" */
    0x0, 0x0, 0x0, 0x3, 0x70, 0x8e, 0xe9, 0x0,
    0xba, 0x6f, 0xc3, 0xd7, 0x9d, 0x1a, 0x58, 0x69,
    0x87, 0xf3, 0xa5, 0x86, 0xd5, 0xe, 0x72, 0xcb,
    0x7e, 0x0, 0xd8, 0x0, 0xc, 0x90, 0xd, 0x80,
    0x0, 0xd8, 0x0, 0xd8, 0x0, 0xc, 0x80, 0xd,
    0x70, 0x0, 0xad, 0x35, 0xf4, 0x0, 0x1, 0xbf,
    0xe8, 0x0,

    /* U+0E0B "ซ" */
    0x0, 0x0, 0x0, 0x2, 0x80, 0xa, 0xc7, 0xf5,
    0x7, 0xe0, 0x6d, 0x59, 0x7e, 0x4e, 0x40, 0xae,
    0xc2, 0x4f, 0x5f, 0x40, 0xa5, 0x77, 0x8b, 0xc,
    0x90, 0x2c, 0xc3, 0xf4, 0xb, 0xa0, 0x0, 0x7,
    0xe0, 0xb, 0xa0, 0x0, 0x9, 0xb0, 0xb, 0xa0,
    0x0, 0x9, 0xb0, 0xb, 0xa0, 0x0, 0x6, 0xf4,
    0x4e, 0x70, 0x0, 0x0, 0x9e, 0xea, 0x0,

    /* U+0E0C "ฌ" */
    0x0, 0x7d, 0xfc, 0x40, 0x0, 0xab, 0x8, 0xd5,
    0x39, 0xf2, 0x0, 0xab, 0x1f, 0x30, 0x0, 0xd8,
    0x0, 0xab, 0x2c, 0xf8, 0x0, 0xaa, 0x0, 0xab,
    0x4, 0xe4, 0x0, 0xab, 0x0, 0xab, 0xb, 0xa0,
    0x0, 0xab, 0x0, 0xab, 0xc, 0x90, 0x0, 0xab,
    0x0, 0xab, 0xc, 0xfc, 0x8, 0xff, 0x92, 0xab,
    0xe, 0x1a, 0x5f, 0x1b, 0xbe, 0xdb, 0x8, 0xdc,
    0x17, 0xdc, 0x12, 0xdb,

    /* U+0E0D "ญ" */
    0x0, 0x9d, 0xfc, 0x50, 0x0, 0x4f, 0x10, 0xbc,
    0x43, 0x9f, 0x30, 0x4, 0xf1, 0x2f, 0x60, 0x0,
    0xc9, 0x0, 0x4f, 0x11, 0x5e, 0x90, 0x9, 0xc0,
    0x4, 0xf1, 0x8, 0xc0, 0x0, 0x9c, 0x0, 0x4f,
    0x10, 0xc9, 0x0, 0x9, 0xc0, 0x4, 0xf1, 0xc,
    0xfd, 0x20, 0x9c, 0x0, 0x4f, 0x10, 0xc7, 0x69,
    0x9, 0xc0, 0x4, 0xf1, 0xb, 0x65, 0x90, 0x6f,
    0x53, 0xbe, 0x0, 0x3e, 0xd2, 0x0, 0x8e, 0xfc,
    0x30, 0x0, 0x0, 0x0, 0x4c, 0x70, 0x2d, 0x0,
    0x0, 0x0, 0xb, 0x2d, 0x5, 0xe0, 0x0, 0x0,
    0x0, 0x9c, 0xb1, 0xd7, 0x0, 0x0, 0x0, 0x0,
    0xaf, 0xe9, 0x0,

    /* U+0E0E "ฎ" */
    0x0, 0x2a, 0xef, 0xb3, 0x0, 0x1e, 0xa3, 0x4b,
    0xf1, 0x7, 0xe3, 0x0, 0xe, 0x70, 0x26, 0xf5,
    0x0, 0xc9, 0x0, 0xaa, 0x0, 0xb, 0x90, 0xa,
    0x80, 0x0, 0xb9, 0x2d, 0xfa, 0x0, 0xb, 0x98,
    0x76, 0xc0, 0x0, 0xb9, 0x86, 0x6c, 0x0, 0xb,
    0x92, 0xde, 0x40, 0x0, 0xb9, 0x0, 0x0, 0x0,
    0xb, 0x90, 0x0, 0x5, 0x80, 0xb9, 0x3, 0xcd,
    0xf7, 0xb, 0x90, 0xb6, 0x2e, 0x8c, 0xd9, 0x4,
    0xdd, 0x40, 0x2d, 0x80,

    /* U+0E0F "ฏ" */
    0x0, 0x2a, 0xef, 0xb3, 0x0, 0x1e, 0xa3, 0x4b,
    0xf1, 0x7, 0xe3, 0x0, 0xe, 0x70, 0x26, 0xf5,
    0x0, 0xc9, 0x0, 0xaa, 0x0, 0xb, 0x90, 0xa,
    0x80, 0x0, 0xb9, 0x2d, 0xfa, 0x0, 0xb, 0x98,
    0x76, 0xc0, 0x0, 0xb9, 0x86, 0x6c, 0x0, 0xb,
    0x92, 0xde, 0x40, 0x0, 0xb9, 0x0, 0x0, 0x0,
    0xb, 0x90, 0x0, 0x7a, 0x0, 0xb9, 0xb, 0xef,
    0x32, 0x3b, 0x94, 0xb0, 0xec, 0xcc, 0xd9, 0xb,
    0xd6, 0x35, 0x2d, 0x80,

    /* U+0E10 "ฐ" */
    0x0, 0x0, 0x0, 0x0, 0x0, 0x5, 0xef, 0xff,
    0xf8, 0x1, 0xfa, 0x31, 0x21, 0x0, 0x4e, 0xff,
    0xea, 0x30, 0x0, 0x1, 0x48, 0xef, 0x20, 0x9,
    0xe7, 0x1, 0xf5, 0x1, 0xd1, 0xf0, 0xf, 0x60,
    0xa, 0xef, 0x0, 0xf6, 0x0, 0x4, 0xf0, 0xf,
    0x50, 0x0, 0x2f, 0x65, 0xf3, 0x0, 0x0, 0x7e,
    0xe8, 0x0, 0x0, 0x0, 0x0, 0x0, 0x0, 0x1,
    0x90, 0x9b, 0x10, 0x1, 0x69, 0x28, 0xb5, 0xc,
    0xdf, 0x90, 0xaf, 0x50, 0xac, 0x85, 0xa7, 0xd4,

    /* U+0E11 "ฑ" */
    0x7, 0xb5, 0xd3, 0x8, 0xf9, 0x3, 0xd6, 0xa9,
    0xc3, 0xe7, 0xf1, 0x9e, 0xb1, 0x5e, 0x88, 0x3f,
    0x2b, 0x67, 0x69, 0xbd, 0x33, 0xf2, 0x96, 0x77,
    0xf8, 0xd0, 0x3f, 0x21, 0xcb, 0x7e, 0x87, 0x3,
    0xf2, 0x0, 0x9, 0xbd, 0x20, 0x3f, 0x20, 0x0,
    0x9c, 0xc0, 0x3, 0xf2, 0x0, 0x9, 0xf6, 0x0,
    0x3f, 0x20, 0x0, 0x9f, 0x10, 0x3, 0xf2,

    /* U+0E12 "ฒ" */
    0x0, 0x0, 0x0, 0x0, 0x0, 0x0, 0x0, 0x2e,
    0xc1, 0xbe, 0x20, 0x4, 0xf1, 0xd, 0x97, 0xf7,
    0xac, 0x0, 0x4f, 0x13, 0xf2, 0x2, 0x4, 0xf1,
    0x4, 0xf1, 0x4f, 0x5, 0xc7, 0x2f, 0x30, 0x4f,
    0x13, 0xf2, 0xc0, 0xc2, 0xf3, 0x4, 0xf1, 0xf,
    0x59, 0xbd, 0x2f, 0x30, 0x4f, 0x10, 0xc8, 0x2e,
    0x34, 0xf6, 0x4, 0xf1, 0x9, 0xce, 0x43, 0xdb,
    0xfc, 0x5f, 0x10, 0x9f, 0x60, 0x68, 0x2d, 0x7f,
    0xf1, 0x9, 0xd0, 0x1, 0xcd, 0x50, 0x7f, 0x10,

    /* U+0E13 "ณ" */
    0x0, 0x7d, 0xfc, 0x40, 0x0, 0x3f, 0x10, 0x8e,
    0x53, 0x9f, 0x20, 0x3, 0xf1, 0x1f, 0x30, 0x0,
    0xd8, 0x0, 0x3f, 0x12, 0xbe, 0x80, 0xb, 0xa0,
    0x3, 0xf1, 0x4, 0xe4, 0x0, 0xba, 0x0, 0x3f,
    0x10, 0xba, 0x0, 0xb, 0xa0, 0x4, 0xf1, 0xc,
    0x90, 0x0, 0xba, 0x0, 0xcd, 0x0, 0xcf, 0xd3,
    0xb, 0xa4, 0xef, 0xd2, 0xb, 0x65, 0x90, 0xbe,
    0xee, 0x48, 0x80, 0x4e, 0xe4, 0xb, 0xf2, 0x5e,
    0xd2,

    /* U+0E14 "ด" */
    0x0, 0x7d, 0xfd, 0x80, 0x0, 0xae, 0x63, 0x5e,
    0xa0, 0x2f, 0x40, 0x0, 0x5f, 0x14, 0xf0, 0x6c,
    0x71, 0xf4, 0x3f, 0x2c, 0xd, 0x1f, 0x40, 0xf5,
    0x8c, 0xc1, 0xf4, 0xc, 0x93, 0xe2, 0x1f, 0x40,
    0x9d, 0xe3, 0x1, 0xf4, 0x9, 0xf5, 0x0, 0x1f,
    0x40, 0x9d, 0x0, 0x1, 0xf4,

    /* U+0E15 "ต" */
    0x0, 0x0, 0x0, 0x0, 0x0, 0x2d, 0xc1, 0x8f,
    0x60, 0xd, 0xa7, 0xfb, 0x7f, 0x23, 0xf1, 0x3,
    0x0, 0xe6, 0x4f, 0x4, 0xc8, 0xd, 0x83, 0xf2,
    0xc1, 0xc0, 0xd8, 0xf, 0x58, 0xcd, 0xd, 0x80,
    0xc9, 0x2d, 0x30, 0xd8, 0x9, 0xcd, 0x40, 0xd,
    0x80, 0x9f, 0x50, 0x0, 0xd8, 0x9, 0xd0, 0x0,
    0xd, 0x80,

    /* U+0E16 "ถ" */
    0x0, 0x7d, 0xfd, 0x70, 0x0, 0x8e, 0x63, 0x7f,
    0x80, 0x1f, 0x40, 0x0, 0x7f, 0x2, 0xbe, 0x80,
    0x4, 0xf1, 0x4, 0xe4, 0x0, 0x3f, 0x10, 0xba,
    0x0, 0x3, 0xf1, 0xc, 0x90, 0x0, 0x3f, 0x10,
    0xcf, 0xd3, 0x3, 0xf1, 0xb, 0x65, 0x90, 0x3f,
    0x10, 0x4d, 0xc4, 0x3, 0xf1,

    /* U+0E17 "ท" */
    0x2d, 0xe4, 0x0, 0x8f, 0xb0, 0x86, 0x6c, 0x3,
    0xe6, 0xf4, 0x86, 0x6d, 0x9, 0x80, 0xf5, 0x2d,
    0xfd, 0xe, 0x30, 0xf5, 0x0, 0x8d, 0x4d, 0x0,
    0xf5, 0x0, 0x8d, 0x97, 0x0, 0xf5, 0x0, 0x8c,
    0xe1, 0x0, 0xf5, 0x0, 0x8e, 0xc0, 0x0, 0xf5,
    0x0, 0x8f, 0x60, 0x0, 0xf5, 0x0, 0x8f, 0x10,
    0x0, 0xf5,

    /* U+0E18 "ธ" */
    0x0, 0x0, 0x0, 0x0, 0x0, 0x4d, 0xff, 0xff,
    0xb0, 0xf, 0xc5, 0x22, 0x20, 0x2, 0xce, 0xff,
    0xb4, 0x0, 0x0, 0x1, 0x5b, 0xf4, 0x0, 0xc8,
    0x0, 0xe, 0x70, 0xc, 0x90, 0x0, 0xe7, 0x0,
    0xc9, 0x0, 0xe, 0x70, 0xc, 0x90, 0x0, 0xe7,
    0x0, 0x9e, 0x43, 0x6f, 0x40, 0x0, 0x9e, 0xfd,
    0x60, 0x0,

    /* U+0E19 "น" */
    0x3d, 0xe4, 0x0, 0x5, 0xf0, 0x96, 0x6c, 0x0,
    0x5, 0xf0, 0x3d, 0xfd, 0x0, 0x5, 0xf0, 0x0,
    0x8d, 0x0, 0x5, 0xf0, 0x0, 0x8d, 0x0, 0x5,
    0xf0, 0x0, 0x8d, 0x0, 0x7, 0xf0, 0x0, 0x8d,
    0x0, 0x3e, 0x90, 0x0, 0x8d, 0x1a, 0xfc, 0xe3,
    0x0, 0x8e, 0xe9, 0xe2, 0x96, 0x0, 0x8f, 0x50,
    0x6e, 0xc1,

    /* U+0E1A "บ" */
    0x3d, 0xe4, 0x0, 0x3, 0xf2, 0x96, 0x6c, 0x0,
    0x3, 0xf2, 0x3d, 0xfd, 0x0, 0x3, 0xf2, 0x0,
    0x8d, 0x0, 0x3, 0xf2, 0x0, 0x8d, 0x0, 0x3,
    0xf2, 0x0, 0x8d, 0x0, 0x3, 0xf2, 0x0, 0x8d,
    0x0, 0x3, 0xf2, 0x0, 0x8d, 0x0, 0x3, 0xf2,
    0x0, 0x4f, 0x73, 0x4c, 0xe0, 0x0, 0x6, 0xdf,
    0xeb, 0x20,

    /* U+0E1B "ป" */
    0x0, 0x0, 0x0, 0x1, 0xf4, 0x0, 0x0, 0x0,
    0x1, 0xf4, 0x0, 0x0, 0x0, 0x1, 0xf4, 0x0,
    0x0, 0x0, 0x1, 0xf4, 0x3d, 0xe4, 0x0, 0x1,
    0xf4, 0x96, 0x6c, 0x0, 0x1, 0xf4, 0x3d, 0xfd,
    0x0, 0x1, 0xf4, 0x0, 0x8d, 0x0, 0x1, 0xf4,
    0x0, 0x8d, 0x0, 0x1, 0xf4, 0x0, 0x8d, 0x0,
    0x1, 0xf4, 0x0, 0x8d, 0x0, 0x1, 0xf4, 0x0,
    0x8d, 0x0, 0x1, 0xf4, 0x0, 0x4f, 0x83, 0x3a,
    0xf1, 0x0, 0x5, 0xcf, 0xec, 0x40,

    /* U+0E1C "ผ" */
    0x5e, 0xc1, 0x0, 0x9c, 0xd4, 0x77, 0x0, 0x9c,
    0xe5, 0x87, 0x0, 0x9c, 0xef, 0xc1, 0x0, 0x9c,
    0xe7, 0x0, 0x0, 0x9c, 0xe7, 0x8, 0x70, 0x9c,
    0xe7, 0x5e, 0xe4, 0x9c, 0xe9, 0xf3, 0x5e, 0xac,
    0xef, 0x80, 0xa, 0xfc, 0xed, 0x0, 0x1, 0xec,

    /* U+0E1D "ฝ" */
    0x0, 0x0, 0x0, 0x9c, 0x0, 0x0, 0x0, 0x9c,
    0x0, 0x0, 0x0, 0x9c, 0x0, 0x0, 0x0, 0x9c,
    0x5e, 0xc1, 0x0, 0x9c, 0xd4, 0x77, 0x0, 0x9c,
    0xe5, 0x87, 0x0, 0x9c, 0xef, 0xc1, 0x0, 0x9c,
    0xe7, 0x0, 0x0, 0x9c, 0xe7, 0x8, 0x70, 0x9c,
    0xe7, 0x5e, 0xe4, 0x9c, 0xe9, 0xf3, 0x5e, 0xac,
    0xef, 0x80, 0xa, 0xfc, 0xed, 0x0, 0x1, 0xec,

    /* U+0E1E "พ" */
    0x2d, 0xe4, 0x4, 0xf1, 0xf, 0x58, 0x66, 0xb0,
    0x9f, 0x50, 0xf5, 0x86, 0x6d, 0xd, 0xda, 0xf,
    0x52, 0xdf, 0xd2, 0xf3, 0xe0, 0xf5, 0x0, 0x8d,
    0x6b, 0xe, 0x3f, 0x50, 0x8, 0xdb, 0x60, 0x98,
    0xf5, 0x0, 0x8d, 0xe1, 0x4, 0xcf, 0x50, 0x8,
    0xfb, 0x0, 0xe, 0xf5, 0x0, 0x8f, 0x60, 0x0,
    0xaf, 0x50, 0x8, 0xf1, 0x0, 0x5, 0xf5,

    /* U+0E1F "ฟ" */
    0x0, 0x0, 0x0, 0x0, 0xf, 0x50, 0x0, 0x0,
    0x0, 0x0, 0xf5, 0x0, 0x0, 0x0, 0x0, 0xf,
    0x50, 0x0, 0x0, 0x0, 0x0, 0xf5, 0x2d, 0xe4,
    0x4, 0xf1, 0xf, 0x58, 0x66, 0xb0, 0x9f, 0x50,
    0xf5, 0x86, 0x6d, 0xd, 0xda, 0xf, 0x52, 0xdf,
    0xd2, 0xf3, 0xe0, 0xf5, 0x0, 0x8d, 0x6b, 0xe,
    0x3f, 0x50, 0x8, 0xdb, 0x60, 0x98, 0xf5, 0x0,
    0x8d, 0xe1, 0x4, 0xcf, 0x50, 0x8, 0xfb, 0x0,
    0xe, 0xf5, 0x0, 0x8f, 0x60, 0x0, 0xaf, 0x50,
    0x8, 0xf1, 0x0, 0x5, 0xf5,

    /* U+0E20 "ภ" */
    0x0, 0x1a, 0xef, 0xb3, 0x0, 0xd, 0xb4, 0x4b,
    0xf2, 0x6, 0xe0, 0x0, 0xe, 0x80, 0x6c, 0xe4,
    0x0, 0xba, 0x0, 0x5d, 0x10, 0xb, 0xa0, 0xb,
    0x80, 0x0, 0xba, 0x0, 0xa9, 0x0, 0xb, 0xa3,
    0xdf, 0xc0, 0x0, 0xba, 0x96, 0x6c, 0x0, 0xb,
    0xa3, 0xdd, 0x40, 0x0, 0xba,

    /* U+0E21 "ม" */
    0xb, 0xe7, 0x0, 0xb, 0xa5, 0x93, 0xf0, 0x0,
    0xba, 0x5a, 0x3f, 0x0, 0xb, 0xa0, 0xbf, 0xf0,
    0x0, 0xba, 0x0, 0x5f, 0x0, 0xb, 0xa0, 0x5,
    0xf0, 0x0, 0xba, 0x8, 0xef, 0x60, 0xb, 0xa3,
    0xd2, 0xff, 0xe4, 0xba, 0x3b, 0xe, 0x37, 0xff,
    0xa0, 0xad, 0x90, 0x4, 0xfa,

    /* U+0E22 "ย" */
    0x6, 0xdc, 0x20, 0x6f, 0xf, 0x57, 0x70, 0x6f,
    0x2f, 0xdc, 0x10, 0x6f, 0xe, 0x70, 0x0, 0x6f,
    0x4, 0xff, 0xd0, 0x6f, 0xc, 0xa2, 0x20, 0x6f,
    0xf, 0x50, 0x0, 0x6f, 0xf, 0x60, 0x0, 0x7e,
    0xb, 0xe5, 0x35, 0xea, 0x1, 0x9e, 0xfe, 0x90,

    /* U+0E23 "ร" */
    0x0, 0x0, 0x0, 0x0, 0x8, 0xef, 0xff, 0xc0,
    0x4f, 0x93, 0x22, 0x0, 0x3a, 0xdf, 0xb3, 0x0,
    0x0, 0x2, 0x9f, 0x20, 0x0, 0x0, 0x1f, 0x40,
    0x0, 0x0, 0x1f, 0x40, 0x0, 0x8, 0xef, 0x40,
    0x0, 0x1e, 0x1e, 0x40, 0x0, 0x1d, 0xe, 0x30,
    0x0, 0x8, 0xea, 0x0,

    /* U+0E24 "ฤ" */
    0x0, 0x7d, 0xfd, 0x70, 0x0, 0xad, 0x53, 0x6f,
    0x80, 0x2f, 0x70, 0x0, 0x7f, 0x1, 0x5e, 0x90,
    0x4, 0xf1, 0x8, 0xc0, 0x0, 0x3f, 0x10, 0xc9,
    0x0, 0x3, 0xf1, 0xc, 0xfd, 0x20, 0x3f, 0x10,
    0xc7, 0x69, 0x3, 0xf1, 0xb, 0x65, 0x90, 0x3f,
    0x10, 0x3e, 0xd2, 0x3, 0xf1, 0x0, 0x0, 0x0,
    0x3f, 0x10, 0x0, 0x0, 0x3, 0xf1, 0x0, 0x0,
    0x0, 0x3f, 0x10, 0x0, 0x0, 0x3, 0xf1,

    /* U+0E25 "ล" */
    0x2, 0xae, 0xfd, 0x80, 0x1, 0xec, 0x43, 0x5e,
    0xa0, 0x3a, 0x0, 0x0, 0x5f, 0x0, 0x6, 0xde,
    0xb7, 0xf1, 0x7, 0xf7, 0x25, 0xef, 0x10, 0xca,
    0x0, 0x5, 0xf1, 0xd, 0x80, 0x0, 0x4f, 0x10,
    0xdf, 0xd3, 0x4, 0xf1, 0xc, 0x57, 0x80, 0x4f,
    0x10, 0x4d, 0xc3, 0x4, 0xf1,

    /* U+0E26 "ฦ" */
    0x0, 0x2a, 0xef, 0xb3, 0x0, 0x1e, 0xa3, 0x4b,
    0xf1, 0x7, 0xe3, 0x0, 0xe, 0x70, 0x26, 0xf5,
    0x0, 0xc9, 0x0, 0xaa, 0x0, 0xb, 0x90, 0xa,
    0x80, 0x0, 0xb9, 0x2d, 0xfa, 0x0, 0xb, 0x98,
    0x76, 0xc0, 0x0, 0xb9, 0x86, 0x6c, 0x0, 0xb,
    0x92, 0xde, 0x40, 0x0, 0xb9, 0x0, 0x0, 0x0,
    0xb, 0x90, 0x0, 0x0, 0x0, 0xb9, 0x0, 0x0,
    0x0, 0xb, 0x90, 0x0, 0x0, 0x0, 0xb9,

    /* U+0E27 "ว" */
    0x5, 0xcf, 0xe8, 0x0, 0x4f, 0x83, 0x5e, 0x90,
    0x78, 0x0, 0x6, 0xe0, 0x0, 0x0, 0x5, 0xf0,
    0x0, 0x0, 0x5, 0xf0, 0x0, 0x0, 0x5, 0xf0,
    0x0, 0x0, 0xbf, 0xf0, 0x0, 0x5, 0xa3, 0xf0,
    0x0, 0x5, 0x93, 0xf0, 0x0, 0x0, 0xce, 0x60,

    /* U+0E28 "ศ" */
    0x0, 0x0, 0x0, 0xb, 0x60, 0x7, 0xdf, 0xeb,
    0xf2, 0xb, 0xe6, 0x37, 0xfe, 0x2, 0xf4, 0x3,
    0xd5, 0xf5, 0x4f, 0x8, 0xdb, 0xe, 0x73, 0xf5,
    0xf2, 0xb1, 0xe7, 0xf, 0xd9, 0xc9, 0xe, 0x70,
    0xcf, 0x0, 0x0, 0xe7, 0xa, 0xd0, 0x0, 0xe,
    0x70, 0x9b, 0x0, 0x0, 0xe7, 0x9, 0xb0, 0x0,
    0xe, 0x70,

    /* U+0E29 "ษ" */
    0x3e, 0xe4, 0x0, 0x0, 0xf6, 0x9, 0x66, 0xc0,
    0x0, 0xf, 0x60, 0x3c, 0xed, 0x1c, 0xb0, 0xf6,
    0x10, 0x8, 0xd7, 0x59, 0x3f, 0x9c, 0x0, 0x8d,
    0x4d, 0xd1, 0xff, 0x40, 0x8, 0xd0, 0x7e, 0xff,
    0x70, 0x0, 0x8d, 0x0, 0x0, 0xf6, 0x0, 0x8,
    0xd0, 0x0, 0xf, 0x50, 0x0, 0x4f, 0x83, 0x39,
    0xf2, 0x0, 0x0, 0x5c, 0xff, 0xc4, 0x0,

    /* U+0E2A "ส" */
    0x0, 0x0, 0x0, 0x1c, 0x40, 0x19, 0xef, 0xdc,
    0xd0, 0xd, 0xc5, 0x3a, 0xfa, 0x4, 0xe1, 0x6,
    0xe8, 0xf0, 0x0, 0x3a, 0xf7, 0x4f, 0x10, 0x4f,
    0xeb, 0xde, 0xf1, 0xb, 0xd0, 0x0, 0x9f, 0x10,
    0xd8, 0x0, 0x4, 0xf1, 0xd, 0xfd, 0x30, 0x4f,
    0x10, 0xc5, 0x78, 0x4, 0xf1, 0x4, 0xdc, 0x30,
    0x4f, 0x10,

    /* U+0E2B "ห" */
    0x2d, 0xe4, 0x0, 0x7e, 0xa0, 0x86, 0x6c, 0x0,
    0xe1, 0xb3, 0x87, 0x7d, 0x0, 0xc2, 0xc2, 0x1b,
    0xed, 0x1, 0xef, 0xc0, 0x0, 0x8d, 0x8, 0xc9,
    0xe0, 0x0, 0x8d, 0x1f, 0x26, 0xf0, 0x0, 0x8c,
    0x99, 0x6, 0xf0, 0x0, 0x8d, 0xe1, 0x6, 0xf0,
    0x0, 0x8f, 0x70, 0x6, 0xf0, 0x0, 0x8e, 0x0,
    0x6, 0xf0,

    /* U+0E2C "ฬ" */
    0x0, 0x0, 0x0, 0x0, 0x6, 0xf0, 0x2d, 0xe4,
    0x0, 0x9, 0xff, 0x70, 0x86, 0x6c, 0x0, 0xe,
    0x1d, 0x40, 0x86, 0x6d, 0x0, 0x9, 0xff, 0x50,
    0x1a, 0xdd, 0x0, 0x0, 0xf, 0x50, 0x0, 0x8d,
    0x5, 0xe2, 0xf, 0x50, 0x0, 0x8d, 0xd, 0xda,
    0xf, 0x50, 0x0, 0x8c, 0x6d, 0x1f, 0x3f, 0x50,
    0x0, 0x8c, 0xe4, 0x8, 0xbf, 0x50, 0x0, 0x8f,
    0xc0, 0x0, 0xef, 0x50, 0x0, 0x8f, 0x30, 0x0,
    0x7f, 0x50,

    /* U+0E2D "อ" */
    0x1, 0x8d, 0xfd, 0x91, 0x0, 0xdd, 0x53, 0x5d,
    0xc0, 0x2a, 0x10, 0x0, 0x4f, 0x10, 0xb, 0xe5,
    0x2, 0xf3, 0x6, 0xc1, 0xd0, 0x2f, 0x30, 0x7c,
    0x1d, 0x2, 0xf3, 0x7, 0xfe, 0x50, 0x2f, 0x30,
    0x6e, 0x0, 0x3, 0xf2, 0x3, 0xf7, 0x33, 0xbe,
    0x0, 0x5, 0xcf, 0xeb, 0x30,

    /* U+0E2E "ฮ" */
    0x5, 0xcf, 0xfc, 0x5d, 0x61, 0xf6, 0x0, 0x7f,
    0xd0, 0x9, 0xff, 0xfe, 0xdc, 0x0, 0x0, 0x11,
    0x8, 0xd0, 0x6, 0xec, 0x10, 0x8d, 0x0, 0xe4,
    0x96, 0x8, 0xd0, 0xf, 0xfc, 0x10, 0x8d, 0x0,
    0xf6, 0x0, 0x9, 0xc0, 0xb, 0xd5, 0x36, 0xf8,
    0x0, 0x1a, 0xef, 0xe8, 0x0,

    /* U+0E2F "ฯ" */
    0x1d, 0xe3, 0x1f, 0xe3, 0x88, 0x5b, 0x6b, 0xf8,
    0x88, 0x5d, 0xd2, 0xd8, 0x1e, 0xfe, 0x40, 0xd8,
    0x0, 0x20, 0x0, 0xd8, 0x0, 0x0, 0x0, 0xd8,
    0x0, 0x0, 0x0, 0xd8, 0x0, 0x0, 0x0, 0xd8,
    0x0, 0x0, 0x0, 0xd8, 0x0, 0x0, 0x0, 0xd8,

    /* U+0E30 "ะ" */
    0x9, 0xe5, 0x0, 0xd7, 0x2d, 0x1e, 0x0, 0xf5,
    0x3c, 0xf, 0x4, 0xf1, 0xe, 0xcd, 0x1d, 0x90,
    0x3, 0xdf, 0xfa, 0x0, 0x0, 0x1, 0x0, 0x0,
    0xa, 0xe7, 0x0, 0xd7, 0x3d, 0x1f, 0x2, 0xf4,
    0x1e, 0x9d, 0x3c, 0xc0, 0x4, 0xcf, 0xe9, 0x0,

    /* U+0E31 "ั" */
    0x4d, 0xa0, 0x0, 0xe2, 0xc1, 0xa4, 0x5, 0xe0,
    0xaa, 0xe2, 0x4e, 0x60, 0x19, 0xee, 0xc5, 0x0,

    /* U+0E32 "า" */
    0x4, 0xdf, 0xd6, 0x2, 0xf8, 0x37, 0xf4, 0x6d,
    0x0, 0xd, 0x80, 0x0, 0x0, 0xc9, 0x0, 0x0,
    0xc, 0x90, 0x0, 0x0, 0xc9, 0x0, 0x0, 0xc,
    0x90, 0x0, 0x0, 0xc9, 0x0, 0x0, 0xc, 0x90,
    0x0, 0x0, 0xc9,

    /* U+0E33 "ำ" */
    0x3c, 0xd4, 0x0, 0x0, 0x0, 0xb, 0x32, 0xd0,
    0x0, 0x0, 0x0, 0xb3, 0x2d, 0x0, 0x0, 0x0,
    0x3, 0xcd, 0x40, 0x0, 0x0, 0x0, 0x0, 0x0,
    0x0, 0x0, 0x0, 0x0, 0x0, 0x0, 0x4d, 0xfd,
    0x60, 0x0, 0x0, 0x2f, 0x83, 0x7f, 0x40, 0x0,
    0x6, 0xd0, 0x0, 0xd8, 0x0, 0x0, 0x0, 0x0,
    0xc, 0x90, 0x0, 0x0, 0x0, 0x0, 0xc9, 0x0,
    0x0, 0x0, 0x0, 0xc, 0x90, 0x0, 0x0, 0x0,
    0x0, 0xc9, 0x0, 0x0, 0x0, 0x0, 0xc, 0x90,
    0x0, 0x0, 0x0, 0x0, 0xc9, 0x0, 0x0, 0x0,
    0x0, 0xc, 0x90,

    /* U+0E34 "ิ" */
    0x1, 0xae, 0xeb, 0x20, 0xd, 0x70, 0x5, 0xe1,
    0x3e, 0xdd, 0xc9, 0xb9, 0x0, 0x0, 0x13, 0x79,

    /* U+0E35 "ี" */
    0x0, 0x0, 0x0, 0x1, 0x0, 0x0, 0x0, 0x5c,
    0x1, 0xae, 0xea, 0x8c, 0xd, 0x70, 0x5, 0xfc,
    0x3e, 0xdd, 0xc9, 0xbc, 0x0, 0x0, 0x13, 0x7a,

    /* U+0E36 "ึ" */
    0x0, 0x0, 0x0, 0x9b, 0x20, 0x1a, 0xee, 0xbb,
    0x47, 0xd, 0x70, 0x5, 0xfc, 0x23, 0xed, 0xdc,
    0x9b, 0x90, 0x0, 0x0, 0x13, 0x7a, 0x0,

    /* U+0E37 "ื" */
    0x0, 0x0, 0x2b, 0x2b, 0x1, 0xae, 0xfe, 0x5c,
    0xd, 0x70, 0x5, 0xfc, 0x3e, 0xdd, 0xc9, 0xbc,
    0x0, 0x0, 0x13, 0x7a,

    /* U+0E38 "ุ" */
    0xa, 0xc4, 0x2a, 0x6c, 0xa, 0xed, 0x0, 0x7d,
    0x0, 0x6b,

    /* U+0E39 "ู" */
    0x3c, 0xa0, 0x4b, 0x93, 0xd3, 0x5d, 0x3c, 0xf4,
    0x5d, 0x0, 0xd5, 0x7c, 0x0, 0x5e, 0xe5,

    /* U+0E3A "ฺ" */
    0x69, 0x8c,

    /* U+0E3F "฿" */
    0x0, 0x3, 0x0, 0x0, 0x0, 0x1f, 0x20, 0x0,
    0xbf, 0xff, 0xea, 0x10, 0xbd, 0x33, 0x6e, 0xd0,
    0xbc, 0x0, 0x6, 0xf1, 0xbc, 0x0, 0x6, 0xf1,
    0xbc, 0x0, 0x2d, 0xa0, 0xbf, 0xff, 0xfd, 0x10,
    0xbc, 0x33, 0x5c, 0xd1, 0xbc, 0x0, 0x1, 0xf7,
    0xbc, 0x0, 0x0, 0xd9, 0xbc, 0x0, 0x0, 0xf7,
    0xbd, 0x33, 0x5c, 0xf2, 0xbf, 0xff, 0xfc, 0x40,
    0x0, 0x1f, 0x20, 0x0, 0x0, 0x8, 0x10, 0x0,

    /* U+0E40 "เ" */
    0xc9, 0x0, 0xc9, 0x0, 0xc9, 0x0, 0xc9, 0x0,
    0xc9, 0x0, 0xc9, 0x0, 0xcf, 0xd2, 0xc7, 0x69,
    0xb6, 0x59, 0x3e, 0xd2,

    /* U+0E41 "แ" */
    0xc9, 0x0, 0x7e, 0x0, 0xc9, 0x0, 0x7e, 0x0,
    0xc9, 0x0, 0x7e, 0x0, 0xc9, 0x0, 0x7e, 0x0,
    0xc9, 0x0, 0x7e, 0x0, 0xc9, 0x0, 0x7e, 0x0,
    0xcf, 0xd2, 0x7f, 0xe5, 0xc7, 0x69, 0x7c, 0x1d,
    0xb6, 0x59, 0x6b, 0x1d, 0x3e, 0xd2, 0x1c, 0xe6,

    /* U+0E42 "โ" */
    0x9, 0xfc, 0x37, 0x56, 0xf4, 0x6e, 0xf3, 0xae,
    0x70, 0x1, 0x0, 0x4c, 0xe1, 0x0, 0x0, 0xe,
    0x70, 0x0, 0x0, 0xc9, 0x0, 0x0, 0xc, 0x90,
    0x0, 0x0, 0xc9, 0x0, 0x0, 0xc, 0x90, 0x0,
    0x0, 0xc9, 0x0, 0x0, 0xc, 0x90, 0x0, 0x0,
    0xc9, 0x0, 0x0, 0xc, 0x90, 0x0, 0x0, 0xcf,
    0xd1, 0x0, 0xc, 0x76, 0x80, 0x0, 0xb6, 0x68,
    0x0, 0x4, 0xed, 0x20,

    /* U+0E43 "ใ" */
    0x1, 0xaf, 0xe6, 0x0, 0xa, 0xe7, 0x5f, 0x40,
    0xe, 0xd, 0xf, 0x60, 0xe, 0xd, 0x4f, 0x10,
    0x6, 0xc5, 0x9b, 0x0, 0x0, 0x0, 0xc9, 0x0,
    0x0, 0x0, 0xc9, 0x0, 0x0, 0x0, 0xc9, 0x0,
    0x0, 0x0, 0xc9, 0x0, 0x0, 0x0, 0xc9, 0x0,
    0x0, 0x0, 0xc9, 0x0, 0x0, 0x0, 0xc9, 0x0,
    0x0, 0x0, 0xc9, 0x0, 0x0, 0x0, 0xcf, 0xd2,
    0x0, 0x0, 0xc7, 0x69, 0x0, 0x0, 0xb6, 0x69,
    0x0, 0x0, 0x4e, 0xd2,

    /* U+0E44 "ไ" */
    0xf, 0x20, 0xcc, 0x0, 0xc, 0x58, 0xfc, 0x0,
    0x9, 0xad, 0xac, 0x0, 0x7, 0xf3, 0x9c, 0x0,
    0x0, 0x20, 0x9c, 0x0, 0x0, 0x0, 0x9c, 0x0,
    0x0, 0x0, 0x9c, 0x0, 0x0, 0x0, 0x9c, 0x0,
    0x0, 0x0, 0x9c, 0x0, 0x0, 0x0, 0x9c, 0x0,
    0x0, 0x0, 0x9c, 0x0, 0x0, 0x0, 0x9c, 0x0,
    0x0, 0x0, 0x9c, 0x0, 0x0, 0x0, 0x9f, 0xe4,
    0x0, 0x0, 0x9a, 0x3c, 0x0, 0x0, 0x89, 0x3c,
    0x0, 0x0, 0x1d, 0xe4,

    /* U+0E45 "ๅ" */
    0x5, 0xdf, 0xd6, 0x3, 0xf7, 0x38, 0xf3, 0x7c,
    0x0, 0xe, 0x70, 0x0, 0x0, 0xd8, 0x0, 0x0,
    0xd, 0x80, 0x0, 0x0, 0xd8, 0x0, 0x0, 0xd,
    0x80, 0x0, 0x0, 0xd8, 0x0, 0x0, 0xd, 0x80,
    0x0, 0x0, 0xd8, 0x0, 0x0, 0xd, 0x80, 0x0,
    0x0, 0xd8, 0x0, 0x0, 0xd, 0x80, 0x0, 0x0,
    0xd8,

    /* U+0E46 "ๆ" */
    0x2, 0x92, 0x39, 0x10, 0xd, 0xbe, 0xec, 0xd0,
    0x6d, 0x2, 0x21, 0xf5, 0xaf, 0xe4, 0x0, 0xe6,
    0xb9, 0x4c, 0x0, 0xe7, 0x89, 0x3c, 0x0, 0xe7,
    0x1c, 0xe4, 0x0, 0xe7, 0x0, 0x0, 0x0, 0xe7,
    0x0, 0x0, 0x0, 0xe7, 0x0, 0x0, 0x0, 0xe7,
    0x0, 0x0, 0x0, 0xe7, 0x0, 0x0, 0x0, 0xe7,
    0x0, 0x0, 0x0, 0xe7, 0x0, 0x0, 0x0, 0xe7,
    0x0, 0x0, 0x0, 0xe7,

    /* U+0E47 "็" */
    0x0, 0x0, 0x1, 0x0, 0x0, 0x0, 0xb5, 0x0,
    0x0, 0x2f, 0x11, 0xbf, 0xfe, 0x70, 0x8a, 0x30,
    0x8b, 0x18, 0xcd, 0xbb, 0x65, 0x2b, 0x14, 0xcb,
    0x10,

    /* U+0E48 "่" */
    0x48, 0x7c, 0x7c, 0x7c,

    /* U+0E49 "้" */
    0x4c, 0x80, 0xb, 0x5a, 0x3d, 0x1, 0xf2, 0x4d,
    0xe0, 0xba, 0x1, 0xbb, 0xcb, 0x0, 0x8c, 0xa5,
    0x0, 0x0,

    /* U+0E4A "๊" */
    0x0, 0x30, 0x30, 0x2, 0x0, 0xaa, 0xca, 0xb2,
    0xf0, 0x3f, 0xa0, 0xf, 0x5d, 0x4, 0x88, 0x33,
    0xed, 0x40, 0xa, 0xa0, 0x7a, 0x30, 0x0,

    /* U+0E4B "๋" */
    0x6, 0xa0, 0xc, 0xff, 0xe2, 0x18, 0xc1, 0x0,
    0x7c, 0x0,

    /* U+0E4C "์" */
    0x0, 0x0, 0x10, 0x0, 0x8d, 0x8, 0xec, 0x3b,
    0xfb, 0x0, 0xd1, 0xd0, 0x5, 0xd7, 0x0,

    /* U+0E4D "ํ" */
    0x3c, 0xd4, 0xb3, 0x2d, 0xb4, 0x2d, 0x3d, 0xd4,

    /* U+0E4E "๎" */
    0x3, 0xce, 0x30, 0xb6, 0x0, 0x9, 0xc2, 0x8,
    0xa6, 0x20, 0xc5, 0x0, 0x4, 0xdb, 0x0,

    /* U+0E4F "๏" */
    0x0, 0x19, 0xcc, 0x81, 0x0, 0x1c, 0x40, 0x5,
    0xc0, 0x9, 0x44, 0xbb, 0x45, 0x80, 0xc1, 0xb0,
    0xb, 0x1c, 0xc, 0x46, 0x0, 0x73, 0xc0, 0xc1,
    0xb0, 0xb, 0x1c, 0xa, 0x34, 0xbb, 0x44, 0x90,
    0x2c, 0x30, 0x3, 0xc1, 0x0, 0x2b, 0xdd, 0xa2,
    0x0,

    /* U+0E50 "๐" */
    0x0, 0x2a, 0xee, 0xc7, 0x0, 0x3, 0xfa, 0x43,
    0x6e, 0xb0, 0xd, 0x90, 0x0, 0x1, 0xf6, 0x1f,
    0x30, 0x0, 0x0, 0xaa, 0x1f, 0x30, 0x0, 0x0,
    0xaa, 0xd, 0x90, 0x0, 0x1, 0xe6, 0x4, 0xfa,
    0x42, 0x5d, 0xc0, 0x0, 0x3b, 0xef, 0xd8, 0x0,

    /* U+0E51 "๑" */
    0x0, 0x2a, 0xef, 0xd8, 0x0, 0x3, 0xfb, 0x43,
    0x5d, 0xd0, 0xc, 0xa0, 0x8c, 0x51, 0xe8, 0x1f,
    0x42, 0xb0, 0xe0, 0x7d, 0x2f, 0x22, 0xb0, 0xf0,
    0x5f, 0xf, 0x60, 0x9d, 0xe0, 0x7d, 0x9, 0xe4,
    0x1b, 0x70, 0xb9, 0x0, 0x9e, 0xe8, 0x5, 0xf2,

    /* U+0E52 "๒" */
    0x9d, 0x10, 0x0, 0x0, 0x0, 0x0, 0xf4, 0x0,
    0x0, 0x0, 0x0, 0xf, 0x40, 0xbe, 0x5c, 0xd2,
    0x0, 0xf4, 0x9a, 0x3e, 0x79, 0xc0, 0xf, 0x4d,
    0xd9, 0x40, 0x3f, 0x0, 0xf4, 0xf2, 0xc2, 0x2,
    0xf1, 0xf, 0x5d, 0x2c, 0x20, 0x3f, 0x10, 0xd8,
    0x4d, 0x90, 0x8, 0xd0, 0x6, 0xf9, 0x42, 0x37,
    0xf6, 0x0, 0x4, 0xbe, 0xff, 0xc5, 0x0,

    /* U+0E53 "๓" */
    0x0, 0x9e, 0xd4, 0x6e, 0xd5, 0x0, 0x9d, 0x45,
    0xed, 0x38, 0xe0, 0xf, 0x60, 0xb, 0x90, 0x3f,
    0x11, 0xf3, 0x0, 0xb8, 0x3, 0xf1, 0x1f, 0xcc,
    0x2b, 0x80, 0x3f, 0x10, 0xe4, 0x68, 0xb8, 0x3,
    0xf1, 0x4, 0xcc, 0x3b, 0x80, 0x3f, 0x10,

    /* U+0E54 "๔" */
    0x0, 0x0, 0x0, 0x0, 0x1, 0x70, 0x0, 0x0,
    0x0, 0x0, 0x7, 0xc0, 0x0, 0x0, 0x0, 0x1,
    0x6f, 0x40, 0x0, 0x3a, 0xde, 0xff, 0xd5, 0x0,
    0x5, 0xf9, 0x32, 0x10, 0x0, 0x0, 0xd, 0x90,
    0x6d, 0x90, 0x0, 0x0, 0x1f, 0x40, 0xe0, 0xc2,
    0x0, 0x0, 0x1f, 0x20, 0xe6, 0xd1, 0x0, 0x0,
    0xf, 0x60, 0x6f, 0xa0, 0x0, 0x0, 0x8, 0xe4,
    0x16, 0xef, 0x92, 0x0, 0x0, 0x8e, 0xff, 0xff,
    0xff, 0x30, 0x0, 0x0, 0x0, 0x0, 0x1, 0x0,

    /* U+0E55 "๕" */
    0x0, 0x0, 0x0, 0x0, 0x1, 0x70, 0x0, 0x0,
    0x3d, 0xe4, 0x7, 0xc0, 0x0, 0x0, 0x86, 0x59,
    0x6f, 0x40, 0x0, 0x29, 0xdf, 0xff, 0xe5, 0x0,
    0x3, 0xfa, 0x42, 0x21, 0x0, 0x0, 0xd, 0x90,
    0x6d, 0x90, 0x0, 0x0, 0xf, 0x40, 0xe0, 0xc2,
    0x0, 0x0, 0x1f, 0x20, 0xe6, 0xd1, 0x0, 0x0,
    0xf, 0x60, 0x6f, 0xa0, 0x0, 0x0, 0x8, 0xe4,
    0x16, 0xef, 0x92, 0x0, 0x0, 0x8e, 0xff, 0xff,
    0xff, 0x30, 0x0, 0x0, 0x0, 0x0, 0x1, 0x0,

    /* U+0E56 "๖" */
    0x46, 0x0, 0x0, 0x0, 0x0, 0x3f, 0x20, 0x0,
    0x0, 0x0, 0xe, 0x60, 0x0, 0x0, 0x0, 0xb,
    0x96, 0xce, 0xe9, 0x10, 0x8, 0xfd, 0x63, 0x4b,
    0xe2, 0x6, 0xc0, 0x0, 0x0, 0xca, 0x0, 0x0,
    0x0, 0x0, 0x6e, 0x0, 0xad, 0x60, 0x0, 0x7e,
    0x4, 0xa0, 0xd0, 0x0, 0xc9, 0x1, 0xea, 0xb2,
    0x4b, 0xe1, 0x0, 0x3b, 0xef, 0xd9, 0x10,

    /* U+0E57 "๗" */
    0x0, 0x0, 0x0, 0x0, 0x0, 0x54, 0x0, 0x0,
    0x0, 0x0, 0x0, 0xe6, 0x0, 0x0, 0x0, 0x0,
    0x0, 0xf3, 0x1, 0xbf, 0x84, 0xec, 0x10, 0xf3,
    0x9, 0xd4, 0xde, 0x4c, 0xa0, 0xf2, 0xe, 0x60,
    0x7c, 0x6, 0xd0, 0xf2, 0x1f, 0x30, 0x6b, 0x5,
    0xe1, 0xf1, 0x2f, 0x20, 0x5a, 0x7, 0xd3, 0xf0,
    0xf, 0xcc, 0x20, 0x9, 0xb9, 0xa0, 0xc, 0x55,
    0x80, 0xd, 0xdf, 0x20, 0x3, 0xdd, 0x30, 0xc,
    0xa2, 0x0,

    /* U+0E58 "๘" */
    0x0, 0x0, 0x0, 0x0, 0x27, 0x0, 0x0, 0x0,
    0x0, 0x5, 0xe0, 0x0, 0x0, 0x0, 0x0, 0x8c,
    0x0, 0x0, 0x0, 0x11, 0x4e, 0x80, 0x0, 0x6d,
    0xff, 0xff, 0xd1, 0x0, 0x9f, 0x95, 0x44, 0x30,
    0x0, 0xf, 0x70, 0x0, 0x9, 0xd5, 0x2, 0xf3,
    0x4, 0x2, 0xb1, 0xe0, 0x1f, 0x37, 0xf6, 0x3b,
    0x1e, 0x0, 0xdb, 0xf9, 0xf6, 0xbf, 0xb0, 0x4,
    0xf5, 0x6, 0xdf, 0xb1, 0x0,

    /* U+0E59 "๙" */
    0x0, 0x0, 0x0, 0x0, 0x4, 0x30, 0x0, 0x0,
    0x0, 0x0, 0x88, 0x0, 0x0, 0x0, 0x0, 0x7,
    0x90, 0x7, 0xef, 0x95, 0xe4, 0x88, 0x7, 0xf5,
    0x3b, 0xf6, 0xcf, 0x20, 0xe7, 0x0, 0xf, 0x30,
    0x0, 0x1f, 0x30, 0x0, 0x99, 0x0, 0x1, 0xf3,
    0x7d, 0x62, 0xf2, 0x0, 0xe, 0x9c, 0xe, 0x8,
    0xb0, 0x0, 0x7f, 0xc0, 0xe0, 0xd, 0x80, 0x0,
    0x8e, 0xe5, 0x0, 0x2b, 0x0,

    /* U+0E5A "๚" */
    0x1d, 0xe3, 0x1f, 0xe2, 0x9f, 0xa0, 0x88, 0x5b,
    0x6b, 0xf8, 0xea, 0xf1, 0x88, 0x5d, 0xd2, 0xdf,
    0xb4, 0xf1, 0x1e, 0xfe, 0x40, 0xdd, 0x14, 0xf1,
    0x0, 0x20, 0x0, 0xd8, 0x4, 0xf1, 0x0, 0x0,
    0x0, 0xd8, 0x4, 0xf1, 0x0, 0x0, 0x0, 0xd8,
    0x4, 0xf1, 0x0, 0x0, 0x0, 0xd8, 0x4, 0xf1,
    0x0, 0x0, 0x0, 0xd8, 0x4, 0xf1, 0x0, 0x0,
    0x0, 0xd8, 0x4, 0xf1,

    /* U+0E5B "๛" */
    0x5, 0xde, 0xb1, 0x0, 0x0, 0x0, 0x0, 0x3,
    0xf6, 0x28, 0xa0, 0x72, 0x0, 0x0, 0x0, 0x99,
    0x2c, 0xcd, 0x1f, 0xa8, 0xe4, 0xd1, 0xc, 0x67,
    0x69, 0xb1, 0xde, 0xe9, 0xf7, 0xea, 0xc6, 0x2d,
    0xc2, 0x4a, 0x8a, 0x28, 0x0, 0x9, 0xb0, 0x0,
    0xc, 0x50, 0x0, 0x0, 0x0, 0x2f, 0x83, 0x4b,
    0xb0, 0x0, 0x0, 0x0, 0x0, 0x3b, 0xfe, 0x90,
    0x0, 0x0, 0x0, 0x0,

    /* U+2022 "•" */
    0x0, 0x8, 0xf8, 0xef, 0xe7, 0xf7,

    /* U+2026 "…" */
    0x3, 0x10, 0x3, 0x0, 0x13, 0x2, 0xfc, 0x7,
    0xf7, 0xb, 0xf3, 0x1e, 0x90, 0x4f, 0x50, 0x9e,
    0x10,

    /* U+F001 "" */
    0x0, 0x0, 0x0, 0x0, 0x0, 0x0, 0x0, 0x0,
    0x0, 0x0, 0x0, 0x0, 0x0, 0x0, 0x49, 0xdc,
    0x0, 0x0, 0x0, 0x0, 0x16, 0xbf, 0xff, 0xff,
    0x0, 0x0, 0x3, 0x8d, 0xff, 0xff, 0xff, 0xff,
    0x0, 0x0, 0xcf, 0xff, 0xff, 0xff, 0xff, 0xff,
    0x0, 0x0, 0xff, 0xff, 0xff, 0xff, 0xc7, 0xff,
    0x0, 0x0, 0xff, 0xff, 0xea, 0x51, 0x0, 0xff,
    0x0, 0x0, 0xff, 0x83, 0x0, 0x0, 0x0, 0xff,
    0x0, 0x0, 0xff, 0x0, 0x0, 0x0, 0x0, 0xff,
    0x0, 0x0, 0xff, 0x0, 0x0, 0x0, 0x0, 0xff,
    0x0, 0x0, 0xff, 0x0, 0x0, 0x0, 0x0, 0xff,
    0x0, 0x0, 0xff, 0x0, 0x0, 0x2b, 0xff, 0xff,
    0x0, 0x0, 0xff, 0x0, 0x0, 0xdf, 0xff, 0xff,
    0x2b, 0xff, 0xff, 0x0, 0x0, 0xdf, 0xff, 0xfd,
    0xdf, 0xff, 0xff, 0x0, 0x0, 0x2b, 0xff, 0xb2,
    0xdf, 0xff, 0xfd, 0x0, 0x0, 0x0, 0x0, 0x0,
    0x2b, 0xff, 0xb2, 0x0, 0x0, 0x0, 0x0, 0x0,

    /* U+F008 "" */
    0xd0, 0xf, 0xff, 0xff, 0xff, 0xff, 0xf0, 0xd,
    0xff, 0xff, 0xc8, 0x88, 0x88, 0x8c, 0xff, 0xff,
    0xf0, 0xf, 0x80, 0x0, 0x0, 0x8, 0xf0, 0xf,
    0xf0, 0xf, 0x80, 0x0, 0x0, 0x8, 0xf0, 0xf,
    0xff, 0xff, 0x80, 0x0, 0x0, 0x8, 0xff, 0xff,
    0xf0, 0xf, 0xec, 0xcc, 0xcc, 0xce, 0xf0, 0xf,
    0xf0, 0xf, 0xec, 0xcc, 0xcc, 0xce, 0xf0, 0xf,
    0xff, 0xff, 0x80, 0x0, 0x0, 0x8, 0xff, 0xff,
    0xf0, 0xf, 0x80, 0x0, 0x0, 0x8, 0xf0, 0xf,
    0xf0, 0xf, 0x80, 0x0, 0x0, 0x8, 0xf0, 0xf,
    0xff, 0xff, 0xc8, 0x88, 0x88, 0x8c, 0xff, 0xff,
    0xd0, 0xf, 0xff, 0xff, 0xff, 0xff, 0xf0, 0xd,

    /* U+F00B "" */
    0xdf, 0xff, 0x73, 0xff, 0xff, 0xff, 0xff, 0xfd,
    0xff, 0xff, 0xa5, 0xff, 0xff, 0xff, 0xff, 0xff,
    0xff, 0xff, 0xa5, 0xff, 0xff, 0xff, 0xff, 0xff,
    0xdf, 0xff, 0x73, 0xff, 0xff, 0xff, 0xff, 0xfd,
    0x0, 0x0, 0x0, 0x0, 0x0, 0x0, 0x0, 0x0,
    0xdf, 0xff, 0x73, 0xff, 0xff, 0xff, 0xff, 0xfd,
    0xff, 0xff, 0xa5, 0xff, 0xff, 0xff, 0xff, 0xff,
    0xff, 0xff, 0xa5, 0xff, 0xff, 0xff, 0xff, 0xff,
    0xdf, 0xff, 0x73, 0xff, 0xff, 0xff, 0xff, 0xfd,
    0x0, 0x0, 0x0, 0x0, 0x0, 0x0, 0x0, 0x0,
    0xdf, 0xff, 0x73, 0xff, 0xff, 0xff, 0xff, 0xfd,
    0xff, 0xff, 0xa5, 0xff, 0xff, 0xff, 0xff, 0xff,
    0xff, 0xff, 0xa5, 0xff, 0xff, 0xff, 0xff, 0xff,
    0xdf, 0xff, 0x73, 0xff, 0xff, 0xff, 0xff, 0xfd,

    /* U+F00C "" */
    0x0, 0x0, 0x0, 0x0, 0x0, 0x0, 0xa, 0xb1,
    0x0, 0x0, 0x0, 0x0, 0x0, 0x0, 0xbf, 0xfc,
    0x0, 0x0, 0x0, 0x0, 0x0, 0xb, 0xff, 0xfb,
    0x0, 0x0, 0x0, 0x0, 0x0, 0xbf, 0xff, 0xc0,
    0x1b, 0xa0, 0x0, 0x0, 0xb, 0xff, 0xfc, 0x0,
    0xcf, 0xfb, 0x0, 0x0, 0xbf, 0xff, 0xc0, 0x0,
    0xbf, 0xff, 0xb0, 0xb, 0xff, 0xfc, 0x0, 0x0,
    0xc, 0xff, 0xfb, 0xbf, 0xff, 0xc0, 0x0, 0x0,
    0x0, 0xcf, 0xff, 0xff, 0xfb, 0x0, 0x0, 0x0,
    0x0, 0xc, 0xff, 0xff, 0xb0, 0x0, 0x0, 0x0,
    0x0, 0x0, 0xbf, 0xfb, 0x0, 0x0, 0x0, 0x0,
    0x0, 0x0, 0xb, 0xb0, 0x0, 0x0, 0x0, 0x0,

    /* U+F00D "" */
    0x4e, 0x90, 0x0, 0x0, 0x9e, 0x4e, 0xff, 0x90,
    0x0, 0x9f, 0xfe, 0x9f, 0xff, 0x90, 0x9f, 0xff,
    0x90, 0x9f, 0xff, 0xdf, 0xff, 0x90, 0x0, 0x9f,
    0xff, 0xff, 0x90, 0x0, 0x0, 0xdf, 0xff, 0xd0,
    0x0, 0x0, 0x9f, 0xff, 0xff, 0x90, 0x0, 0x9f,
    0xff, 0xdf, 0xff, 0x90, 0x9f, 0xff, 0x90, 0x9f,
    0xff, 0x9e, 0xff, 0x90, 0x0, 0x9f, 0xfe, 0x4e,
    0x90, 0x0, 0x0, 0x9e, 0x40,

    /* U+F011 "" */
    0x0, 0x0, 0x0, 0x5f, 0xd0, 0x0, 0x0, 0x0,
    0x0, 0x1, 0x0, 0x8f, 0xf0, 0x1, 0x0, 0x0,
    0x0, 0x6f, 0x80, 0x8f, 0xf0, 0x1e, 0xc1, 0x0,
    0x5, 0xff, 0xd0, 0x8f, 0xf0, 0x5f, 0xfc, 0x0,
    0x1e, 0xfe, 0x30, 0x8f, 0xf0, 0x9, 0xff, 0x70,
    0x7f, 0xf4, 0x0, 0x8f, 0xf0, 0x0, 0xcf, 0xe0,
    0xcf, 0xd0, 0x0, 0x8f, 0xf0, 0x0, 0x5f, 0xf4,
    0xff, 0x90, 0x0, 0x8f, 0xf0, 0x0, 0x1f, 0xf6,
    0xff, 0x80, 0x0, 0x5f, 0xd0, 0x0, 0xf, 0xf7,
    0xef, 0xa0, 0x0, 0x0, 0x0, 0x0, 0x2f, 0xf6,
    0xaf, 0xf1, 0x0, 0x0, 0x0, 0x0, 0x8f, 0xf2,
    0x4f, 0xfa, 0x0, 0x0, 0x0, 0x3, 0xff, 0xc0,
    0xa, 0xff, 0xa1, 0x0, 0x0, 0x4e, 0xff, 0x30,
    0x0, 0xdf, 0xff, 0xa8, 0x9d, 0xff, 0xf6, 0x0,
    0x0, 0xa, 0xff, 0xff, 0xff, 0xff, 0x50, 0x0,
    0x0, 0x0, 0x4a, 0xef, 0xec, 0x71, 0x0, 0x0,

    /* U+F013 "" */
    0x0, 0x0, 0x0, 0x8b, 0xb8, 0x0, 0x0, 0x0,
    0x0, 0x0, 0x0, 0xff, 0xff, 0x0, 0x0, 0x0,
    0x0, 0x30, 0x6, 0xff, 0xff, 0x60, 0x3, 0x0,
    0x4, 0xfd, 0xdf, 0xff, 0xff, 0xfd, 0xef, 0x40,
    0xd, 0xff, 0xff, 0xff, 0xff, 0xff, 0xff, 0xd0,
    0x4f, 0xff, 0xff, 0xf9, 0x9f, 0xff, 0xff, 0xf4,
    0x8, 0xff, 0xff, 0x20, 0x2, 0xff, 0xff, 0x80,
    0x0, 0xff, 0xf9, 0x0, 0x0, 0x9f, 0xff, 0x0,
    0x0, 0xff, 0xf9, 0x0, 0x0, 0x9f, 0xff, 0x0,
    0x8, 0xff, 0xff, 0x20, 0x2, 0xff, 0xff, 0x80,
    0x4f, 0xff, 0xff, 0xf9, 0x9f, 0xff, 0xff, 0xf4,
    0xd, 0xff, 0xff, 0xff, 0xff, 0xff, 0xff, 0xd0,
    0x4, 0xfe, 0xdf, 0xff, 0xff, 0xfd, 0xdf, 0x40,
    0x0, 0x30, 0x6, 0xff, 0xff, 0x60, 0x3, 0x0,
    0x0, 0x0, 0x0, 0xff, 0xff, 0x0, 0x0, 0x0,
    0x0, 0x0, 0x0, 0x8b, 0xb8, 0x0, 0x0, 0x0,

    /* U+F015 "" */
    0x0, 0x0, 0x0, 0x3, 0xdd, 0x30, 0x3f, 0xf3,
    0x0, 0x0, 0x0, 0x0, 0x6f, 0xff, 0xf5, 0x4f,
    0xf4, 0x0, 0x0, 0x0, 0x9, 0xff, 0x99, 0xff,
    0xbf, 0xf4, 0x0, 0x0, 0x1, 0xbf, 0xf6, 0x22,
    0x6f, 0xff, 0xf4, 0x0, 0x0, 0x2d, 0xfe, 0x35,
    0xff, 0x53, 0xef, 0xf4, 0x0, 0x4, 0xff, 0xc1,
    0x8f, 0xff, 0xf8, 0x2d, 0xfe, 0x40, 0x7f, 0xfa,
    0x1a, 0xff, 0xff, 0xff, 0xa1, 0xaf, 0xf7, 0xcf,
    0x82, 0xdf, 0xff, 0xff, 0xff, 0xfd, 0x28, 0xfc,
    0x14, 0xe, 0xff, 0xff, 0xff, 0xff, 0xff, 0xe0,
    0x41, 0x0, 0xf, 0xff, 0xff, 0xff, 0xff, 0xff,
    0xf0, 0x0, 0x0, 0xf, 0xff, 0xf9, 0x0, 0x8f,
    0xff, 0xf0, 0x0, 0x0, 0xf, 0xff, 0xf8, 0x0,
    0x8f, 0xff, 0xf0, 0x0, 0x0, 0xf, 0xff, 0xf8,
    0x0, 0x8f, 0xff, 0xf0, 0x0, 0x0, 0xe, 0xff,
    0xf6, 0x0, 0x6f, 0xff, 0xe0, 0x0,

    /* U+F019 "" */
    0x0, 0x0, 0x0, 0xdf, 0xfd, 0x0, 0x0, 0x0,
    0x0, 0x0, 0x0, 0xff, 0xff, 0x0, 0x0, 0x0,
    0x0, 0x0, 0x0, 0xff, 0xff, 0x0, 0x0, 0x0,
    0x0, 0x0, 0x0, 0xff, 0xff, 0x0, 0x0, 0x0,
    0x0, 0x0, 0x0, 0xff, 0xff, 0x0, 0x0, 0x0,
    0x0, 0x0, 0x0, 0xff, 0xff, 0x0, 0x0, 0x0,
    0x0, 0x4f, 0xff, 0xff, 0xff, 0xff, 0xf4, 0x0,
    0x0, 0xb, 0xff, 0xff, 0xff, 0xff, 0xb0, 0x0,
    0x0, 0x0, 0xbf, 0xff, 0xff, 0xfb, 0x0, 0x0,
    0x0, 0x0, 0xb, 0xff, 0xff, 0xb0, 0x0, 0x0,
    0x0, 0x0, 0x0, 0xbf, 0xfb, 0x0, 0x0, 0x0,
    0xdf, 0xff, 0xfc, 0x1b, 0xb1, 0xcf, 0xff, 0xfd,
    0xff, 0xff, 0xff, 0xc2, 0x2c, 0xff, 0xff, 0xff,
    0xff, 0xff, 0xff, 0xff, 0xff, 0xff, 0xff, 0xff,
    0xff, 0xff, 0xff, 0xff, 0xff, 0xf0, 0xf0, 0xff,
    0xdf, 0xff, 0xff, 0xff, 0xff, 0xff, 0xff, 0xfd,

    /* U+F01C "" */
    0x0, 0x4, 0xef, 0xff, 0xff, 0xff, 0xfe, 0x40,
    0x0, 0x0, 0x1e, 0xff, 0xff, 0xff, 0xff, 0xff,
    0xe1, 0x0, 0x0, 0xaf, 0xb0, 0x0, 0x0, 0x0,
    0xb, 0xfa, 0x0, 0x5, 0xff, 0x10, 0x0, 0x0,
    0x0, 0x1, 0xff, 0x50, 0x1e, 0xf6, 0x0, 0x0,
    0x0, 0x0, 0x0, 0x6f, 0xe1, 0xaf, 0xb0, 0x0,
    0x0, 0x0, 0x0, 0x0, 0xb, 0xfa, 0xff, 0xff,
    0xff, 0x80, 0x0, 0x8, 0xff, 0xff, 0xff, 0xff,
    0xff, 0xff, 0xf1, 0x0, 0x1f, 0xff, 0xff, 0xff,
    0xff, 0xff, 0xff, 0xff, 0xff, 0xff, 0xff, 0xff,
    0xff, 0xff, 0xff, 0xff, 0xff, 0xff, 0xff, 0xff,
    0xff, 0xff, 0xff, 0xff, 0xff, 0xff, 0xff, 0xff,
    0xff, 0xff, 0xff, 0x8f, 0xff, 0xff, 0xff, 0xff,
    0xff, 0xff, 0xff, 0xf8,

    /* U+F021 "" */
    0x0, 0x0, 0x28, 0xdf, 0xfc, 0x71, 0x2, 0xff,
    0x0, 0x7, 0xff, 0xff, 0xff, 0xff, 0x72, 0xff,
    0x0, 0x9f, 0xfd, 0x63, 0x37, 0xef, 0xfc, 0xff,
    0x5, 0xff, 0x90, 0x0, 0x0, 0x1b, 0xff, 0xff,
    0xe, 0xfa, 0x0, 0x0, 0x2, 0x22, 0xcf, 0xff,
    0x5f, 0xf1, 0x0, 0x0, 0xf, 0xff, 0xff, 0xff,
    0x8f, 0xb0, 0x0, 0x0, 0xf, 0xff, 0xff, 0xff,
    0x0, 0x0, 0x0, 0x0, 0x0, 0x0, 0x0, 0x0,
    0x0, 0x0, 0x0, 0x0, 0x0, 0x0, 0x0, 0x0,
    0xff, 0xff, 0xff, 0xf0, 0x0, 0x0, 0xb, 0xf8,
    0xff, 0xff, 0xff, 0xf0, 0x0, 0x0, 0x1f, 0xf4,
    0xff, 0xfc, 0x22, 0x20, 0x0, 0x0, 0xbf, 0xe0,
    0xff, 0xff, 0xb0, 0x0, 0x0, 0xa, 0xff, 0x50,
    0xff, 0xbf, 0xfe, 0x73, 0x36, 0xdf, 0xf9, 0x0,
    0xff, 0x27, 0xff, 0xff, 0xff, 0xff, 0x70, 0x0,
    0xff, 0x20, 0x17, 0xcf, 0xfd, 0x92, 0x0, 0x0,

    /* U+F026 "" */
    0x0, 0x0, 0x0, 0x0, 0x0, 0x0, 0x0, 0x8d,
    0x0, 0x0, 0x8, 0xff, 0x0, 0x0, 0x8f, 0xff,
    0xdf, 0xff, 0xff, 0xff, 0xff, 0xff, 0xff, 0xff,
    0xff, 0xff, 0xff, 0xff, 0xff, 0xff, 0xff, 0xff,
    0xff, 0xff, 0xff, 0xff, 0xdf, 0xff, 0xff, 0xff,
    0x0, 0x0, 0x8f, 0xff, 0x0, 0x0, 0x8, 0xff,
    0x0, 0x0, 0x0, 0x8d, 0x0, 0x0, 0x0, 0x0,

    /* U+F027 "" */
    0x0, 0x0, 0x0, 0x0, 0x0, 0x0, 0x0, 0x0,
    0x0, 0x8d, 0x0, 0x0, 0x0, 0x0, 0x8, 0xff,
    0x0, 0x0, 0x0, 0x0, 0x8f, 0xff, 0x0, 0x0,
    0xdf, 0xff, 0xff, 0xff, 0x1, 0x50, 0xff, 0xff,
    0xff, 0xff, 0x6, 0xf7, 0xff, 0xff, 0xff, 0xff,
    0x0, 0xbe, 0xff, 0xff, 0xff, 0xff, 0x0, 0xae,
    0xff, 0xff, 0xff, 0xff, 0x5, 0xf8, 0xdf, 0xff,
    0xff, 0xff, 0x2, 0x60, 0x0, 0x0, 0x8f, 0xff,
    0x0, 0x0, 0x0, 0x0, 0x8, 0xff, 0x0, 0x0,
    0x0, 0x0, 0x0, 0x8d, 0x0, 0x0, 0x0, 0x0,
    0x0, 0x0, 0x0, 0x0,

    /* U+F028 "" */
    0x0, 0x0, 0x0, 0x0, 0x0, 0x0, 0x6, 0x10,
    0x0, 0x0, 0x0, 0x0, 0x0, 0x0, 0x0, 0x1f,
    0xd2, 0x0, 0x0, 0x0, 0x0, 0x8d, 0x0, 0x0,
    0x3, 0xee, 0x10, 0x0, 0x0, 0x8, 0xff, 0x0,
    0xa, 0xb1, 0x2f, 0xb0, 0x0, 0x0, 0x8f, 0xff,
    0x0, 0x5, 0xfc, 0x7, 0xf4, 0xdf, 0xff, 0xff,
    0xff, 0x2, 0x50, 0x5f, 0x60, 0xf9, 0xff, 0xff,
    0xff, 0xff, 0x6, 0xf7, 0xd, 0xc0, 0xbd, 0xff,
    0xff, 0xff, 0xff, 0x0, 0xae, 0x9, 0xf0, 0x9f,
    0xff, 0xff, 0xff, 0xff, 0x0, 0xae, 0x9, 0xf0,
    0x8f, 0xff, 0xff, 0xff, 0xff, 0x6, 0xf7, 0xd,
    0xc0, 0xad, 0xdf, 0xff, 0xff, 0xff, 0x2, 0x50,
    0x5f, 0x60, 0xe9, 0x0, 0x0, 0x8f, 0xff, 0x0,
    0x5, 0xfc, 0x6, 0xf4, 0x0, 0x0, 0x8, 0xff,
    0x0, 0xa, 0xb1, 0x2f, 0xb0, 0x0, 0x0, 0x0,
    0x8d, 0x0, 0x0, 0x2, 0xee, 0x10, 0x0, 0x0,
    0x0, 0x0, 0x0, 0x0, 0x1f, 0xd2, 0x0, 0x0,
    0x0, 0x0, 0x0, 0x0, 0x0, 0x6, 0x10, 0x0,

    /* U+F03E "" */
    0x8f, 0xff, 0xff, 0xff, 0xff, 0xff, 0xff, 0xf8,
    0xff, 0xfe, 0xff, 0xff, 0xff, 0xff, 0xff, 0xff,
    0xff, 0x40, 0x3f, 0xff, 0xff, 0xff, 0xff, 0xff,
    0xfe, 0x0, 0xc, 0xff, 0xff, 0xee, 0xff, 0xff,
    0xff, 0x30, 0x2f, 0xff, 0xfe, 0x22, 0xef, 0xff,
    0xff, 0xfc, 0xff, 0xff, 0xe2, 0x0, 0x2e, 0xff,
    0xff, 0xfe, 0x4d, 0xfe, 0x20, 0x0, 0x2, 0xff,
    0xff, 0xe2, 0x1, 0xb2, 0x0, 0x0, 0x0, 0xff,
    0xff, 0x30, 0x0, 0x0, 0x0, 0x0, 0x0, 0xff,
    0xff, 0x10, 0x0, 0x0, 0x0, 0x0, 0x0, 0xff,
    0xff, 0xff, 0xff, 0xff, 0xff, 0xff, 0xff, 0xff,
    0x8f, 0xff, 0xff, 0xff, 0xff, 0xff, 0xff, 0xf8,

    /* U+F043 "" */
    0x0, 0x0, 0x4e, 0x40, 0x0, 0x0, 0x0, 0xb,
    0xfb, 0x0, 0x0, 0x0, 0x1, 0xff, 0xf1, 0x0,
    0x0, 0x0, 0x9f, 0xff, 0x90, 0x0, 0x0, 0x2f,
    0xff, 0xff, 0x30, 0x0, 0xc, 0xff, 0xff, 0xfc,
    0x0, 0x7, 0xff, 0xff, 0xff, 0xf8, 0x2, 0xff,
    0xff, 0xff, 0xff, 0xf2, 0x9f, 0xff, 0xff, 0xff,
    0xff, 0x9e, 0xff, 0xff, 0xff, 0xff, 0xfe, 0xff,
    0x2f, 0xff, 0xff, 0xff, 0xfe, 0xf2, 0xbf, 0xff,
    0xff, 0xfe, 0x9f, 0xa1, 0xbf, 0xff, 0xff, 0x92,
    0xff, 0xa2, 0x2f, 0xff, 0xf2, 0x4, 0xff, 0xff,
    0xff, 0xf4, 0x0, 0x2, 0x9e, 0xfe, 0x92, 0x0,

    /* U+F048 "" */
    0x0, 0x0, 0x0, 0x0, 0x0, 0xff, 0x20, 0x0,
    0x2, 0xda, 0xff, 0x20, 0x0, 0x3e, 0xfe, 0xff,
    0x20, 0x3, 0xff, 0xfe, 0xff, 0x20, 0x4f, 0xff,
    0xfe, 0xff, 0x25, 0xff, 0xff, 0xfe, 0xff, 0x9f,
    0xff, 0xff, 0xfe, 0xff, 0xff, 0xff, 0xff, 0xfe,
    0xff, 0xff, 0xff, 0xff, 0xfe, 0xff, 0x9f, 0xff,
    0xff, 0xfe, 0xff, 0x26, 0xff, 0xff, 0xfe, 0xff,
    0x20, 0x5f, 0xff, 0xfe, 0xff, 0x20, 0x4, 0xff,
    0xfe, 0xff, 0x20, 0x0, 0x3e, 0xfe, 0xff, 0x20,
    0x0, 0x2, 0xda, 0x0, 0x0, 0x0, 0x0, 0x0,

    /* U+F04B "" */
    0x0, 0x0, 0x0, 0x0, 0x0, 0x0, 0x0, 0x8f,
    0x91, 0x0, 0x0, 0x0, 0x0, 0x0, 0xff, 0xff,
    0x70, 0x0, 0x0, 0x0, 0x0, 0xff, 0xff, 0xfd,
    0x40, 0x0, 0x0, 0x0, 0xff, 0xff, 0xff, 0xfa,
    0x10, 0x0, 0x0, 0xff, 0xff, 0xff, 0xff, 0xf7,
    0x0, 0x0, 0xff, 0xff, 0xff, 0xff, 0xff, 0xd5,
    0x0, 0xff, 0xff, 0xff, 0xff, 0xff, 0xff, 0xb2,
    0xff, 0xff, 0xff, 0xff, 0xff, 0xff, 0xfd, 0xff,
    0xff, 0xff, 0xff, 0xff, 0xff, 0xfd, 0xff, 0xff,
    0xff, 0xff, 0xff, 0xff, 0xb2, 0xff, 0xff, 0xff,
    0xff, 0xff, 0xd5, 0x0, 0xff, 0xff, 0xff, 0xff,
    0xf7, 0x0, 0x0, 0xff, 0xff, 0xff, 0xfa, 0x10,
    0x0, 0x0, 0xff, 0xff, 0xfd, 0x40, 0x0, 0x0,
    0x0, 0xff, 0xff, 0x70, 0x0, 0x0, 0x0, 0x0,
    0x8e, 0xa1, 0x0, 0x0, 0x0, 0x0, 0x0, 0x0,
    0x0, 0x0, 0x0, 0x0, 0x0, 0x0,

    /* U+F04C "" */
    0x8f, 0xff, 0xf8, 0x0, 0x8f, 0xff, 0xf8, 0xff,
    0xff, 0xff, 0x0, 0xff, 0xff, 0xff, 0xff, 0xff,
    0xff, 0x0, 0xff, 0xff, 0xff, 0xff, 0xff, 0xff,
    0x0, 0xff, 0xff, 0xff, 0xff, 0xff, 0xff, 0x0,
    0xff, 0xff, 0xff, 0xff, 0xff, 0xff, 0x0, 0xff,
    0xff, 0xff, 0xff, 0xff, 0xff, 0x0, 0xff, 0xff,
    0xff, 0xff, 0xff, 0xff, 0x0, 0xff, 0xff, 0xff,
    0xff, 0xff, 0xff, 0x0, 0xff, 0xff, 0xff, 0xff,
    0xff, 0xff, 0x0, 0xff, 0xff, 0xff, 0xff, 0xff,
    0xff, 0x0, 0xff, 0xff, 0xff, 0xff, 0xff, 0xff,
    0x0, 0xff, 0xff, 0xff, 0xff, 0xff, 0xff, 0x0,
    0xff, 0xff, 0xff, 0x8f, 0xff, 0xf8, 0x0, 0x8f,
    0xff, 0xf8,

    /* U+F04D "" */
    0x8f, 0xff, 0xff, 0xff, 0xff, 0xff, 0xf8, 0xff,
    0xff, 0xff, 0xff, 0xff, 0xff, 0xff, 0xff, 0xff,
    0xff, 0xff, 0xff, 0xff, 0xff, 0xff, 0xff, 0xff,
    0xff, 0xff, 0xff, 0xff, 0xff, 0xff, 0xff, 0xff,
    0xff, 0xff, 0xff, 0xff, 0xff, 0xff, 0xff, 0xff,
    0xff, 0xff, 0xff, 0xff, 0xff, 0xff, 0xff, 0xff,
    0xff, 0xff, 0xff, 0xff, 0xff, 0xff, 0xff, 0xff,
    0xff, 0xff, 0xff, 0xff, 0xff, 0xff, 0xff, 0xff,
    0xff, 0xff, 0xff, 0xff, 0xff, 0xff, 0xff, 0xff,
    0xff, 0xff, 0xff, 0xff, 0xff, 0xff, 0xff, 0xff,
    0xff, 0xff, 0xff, 0xff, 0xff, 0xff, 0xff, 0xff,
    0xff, 0xff, 0xff, 0x8f, 0xff, 0xff, 0xff, 0xff,
    0xff, 0xf8,

    /* U+F051 "" */
    0x0, 0x0, 0x0, 0x0, 0x0, 0xad, 0x20, 0x0,
    0x2, 0xff, 0xef, 0xe3, 0x0, 0x2, 0xff, 0xef,
    0xff, 0x40, 0x2, 0xff, 0xef, 0xff, 0xf5, 0x2,
    0xff, 0xef, 0xff, 0xff, 0x62, 0xff, 0xef, 0xff,
    0xff, 0xf9, 0xff, 0xef, 0xff, 0xff, 0xff, 0xff,
    0xef, 0xff, 0xff, 0xff, 0xff, 0xef, 0xff, 0xff,
    0xf9, 0xff, 0xef, 0xff, 0xff, 0x52, 0xff, 0xef,
    0xff, 0xf4, 0x2, 0xff, 0xef, 0xff, 0x30, 0x2,
    0xff, 0xef, 0xe3, 0x0, 0x2, 0xff, 0xad, 0x20,
    0x0, 0x2, 0xff, 0x0, 0x0, 0x0, 0x0, 0x0,

    /* U+F052 "" */
    0x0, 0x0, 0x0, 0x2d, 0xd2, 0x0, 0x0, 0x0,
    0x0, 0x0, 0x1, 0xef, 0xfe, 0x10, 0x0, 0x0,
    0x0, 0x0, 0x1d, 0xff, 0xff, 0xd1, 0x0, 0x0,
    0x0, 0x0, 0xcf, 0xff, 0xff, 0xfc, 0x0, 0x0,
    0x0, 0xb, 0xff, 0xff, 0xff, 0xff, 0xb0, 0x0,
    0x0, 0xaf, 0xff, 0xff, 0xff, 0xff, 0xfa, 0x0,
    0x9, 0xff, 0xff, 0xff, 0xff, 0xff, 0xff, 0x90,
    0xf, 0xff, 0xff, 0xff, 0xff, 0xff, 0xff, 0xf0,
    0x8, 0xff, 0xff, 0xff, 0xff, 0xff, 0xff, 0x80,
    0x0, 0x0, 0x0, 0x0, 0x0, 0x0, 0x0, 0x0,
    0xc, 0xff, 0xff, 0xff, 0xff, 0xff, 0xff, 0xc0,
    0xf, 0xff, 0xff, 0xff, 0xff, 0xff, 0xff, 0xf0,
    0xf, 0xff, 0xff, 0xff, 0xff, 0xff, 0xff, 0xf0,
    0xc, 0xff, 0xff, 0xff, 0xff, 0xff, 0xff, 0xc0,

    /* U+F053 "" */
    0x0, 0x0, 0x0, 0x8, 0x20, 0x0, 0x0, 0x0,
    0xbf, 0xe0, 0x0, 0x0, 0xb, 0xff, 0xb0, 0x0,
    0x0, 0xbf, 0xfb, 0x0, 0x0, 0xb, 0xff, 0xb0,
    0x0, 0x0, 0xbf, 0xfb, 0x0, 0x0, 0xb, 0xff,
    0xb0, 0x0, 0x0, 0xe, 0xff, 0x70, 0x0, 0x0,
    0x3, 0xef, 0xf6, 0x0, 0x0, 0x0, 0x3e, 0xff,
    0x60, 0x0, 0x0, 0x3, 0xef, 0xf6, 0x0, 0x0,
    0x0, 0x3e, 0xff, 0x60, 0x0, 0x0, 0x3, 0xef,
    0xf0, 0x0, 0x0, 0x0, 0x3e, 0x70,

    /* U+F054 "" */
    0x2, 0x80, 0x0, 0x0, 0x0, 0xe, 0xfb, 0x0,
    0x0, 0x0, 0xb, 0xff, 0xb0, 0x0, 0x0, 0x0,
    0xbf, 0xfb, 0x0, 0x0, 0x0, 0xb, 0xff, 0xb0,
    0x0, 0x0, 0x0, 0xbf, 0xfb, 0x0, 0x0, 0x0,
    0xb, 0xff, 0xb0, 0x0, 0x0, 0x7, 0xff, 0xe0,
    0x0, 0x0, 0x6f, 0xfe, 0x30, 0x0, 0x6, 0xff,
    0xe3, 0x0, 0x0, 0x6f, 0xfe, 0x30, 0x0, 0x6,
    0xff, 0xe3, 0x0, 0x0, 0xf, 0xfe, 0x30, 0x0,
    0x0, 0x7, 0xe3, 0x0, 0x0, 0x0,

    /* U+F067 "" */
    0x0, 0x0, 0x4, 0xff, 0x40, 0x0, 0x0, 0x0,
    0x0, 0x8, 0xff, 0x80, 0x0, 0x0, 0x0, 0x0,
    0x8, 0xff, 0x80, 0x0, 0x0, 0x0, 0x0, 0x8,
    0xff, 0x80, 0x0, 0x0, 0x0, 0x0, 0x8, 0xff,
    0x80, 0x0, 0x0, 0x48, 0x88, 0x8c, 0xff, 0xc8,
    0x88, 0x84, 0xff, 0xff, 0xff, 0xff, 0xff, 0xff,
    0xff, 0xff, 0xff, 0xff, 0xff, 0xff, 0xff, 0xff,
    0x48, 0x88, 0x8c, 0xff, 0xc8, 0x88, 0x84, 0x0,
    0x0, 0x8, 0xff, 0x80, 0x0, 0x0, 0x0, 0x0,
    0x8, 0xff, 0x80, 0x0, 0x0, 0x0, 0x0, 0x8,
    0xff, 0x80, 0x0, 0x0, 0x0, 0x0, 0x8, 0xff,
    0x80, 0x0, 0x0, 0x0, 0x0, 0x4, 0xff, 0x40,
    0x0, 0x0,

    /* U+F068 "" */
    0xcf, 0xff, 0xff, 0xff, 0xff, 0xff, 0xfc, 0xff,
    0xff, 0xff, 0xff, 0xff, 0xff, 0xff, 0xcf, 0xff,
    0xff, 0xff, 0xff, 0xff, 0xfc,

    /* U+F06E "" */
    0x0, 0x0, 0x5, 0xad, 0xff, 0xda, 0x50, 0x0,
    0x0, 0x0, 0x4, 0xdf, 0xfc, 0x88, 0xcf, 0xfd,
    0x40, 0x0, 0x0, 0x7f, 0xfe, 0x40, 0x0, 0x4,
    0xef, 0xf7, 0x0, 0x7, 0xff, 0xf4, 0x0, 0x9e,
    0x80, 0x4f, 0xff, 0x70, 0x4f, 0xff, 0xc0, 0x0,
    0xaf, 0xf8, 0xc, 0xff, 0xf4, 0xdf, 0xff, 0x80,
    0x9a, 0xff, 0xfe, 0x8, 0xff, 0xfd, 0xdf, 0xff,
    0x80, 0xef, 0xff, 0xfe, 0x8, 0xff, 0xfd, 0x4f,
    0xff, 0xc0, 0x8f, 0xff, 0xf8, 0xc, 0xff, 0xf4,
    0x7, 0xff, 0xf4, 0x8, 0xee, 0x80, 0x4f, 0xff,
    0x70, 0x0, 0x7f, 0xfe, 0x40, 0x0, 0x4, 0xef,
    0xf8, 0x0, 0x0, 0x4, 0xdf, 0xfc, 0x88, 0xcf,
    0xfd, 0x40, 0x0, 0x0, 0x0, 0x5, 0xad, 0xff,
    0xda, 0x50, 0x0, 0x0,

    /* U+F070 "" */
    0x8c, 0x20, 0x0, 0x0, 0x0, 0x0, 0x0, 0x0,
    0x0, 0x0, 0xdf, 0xe4, 0x0, 0x0, 0x0, 0x0,
    0x0, 0x0, 0x0, 0x0, 0x1b, 0xff, 0x80, 0x49,
    0xdf, 0xfd, 0xa5, 0x0, 0x0, 0x0, 0x0, 0x7f,
    0xff, 0xff, 0xd8, 0x8c, 0xff, 0xd4, 0x0, 0x0,
    0x0, 0x4, 0xef, 0xf8, 0x0, 0x0, 0x4e, 0xff,
    0x70, 0x0, 0x0, 0x0, 0x1c, 0xff, 0x69, 0xe8,
    0x4, 0xff, 0xf7, 0x0, 0x4, 0xe3, 0x0, 0x9f,
    0xfe, 0xff, 0x80, 0xcf, 0xff, 0x40, 0xd, 0xff,
    0x70, 0x5, 0xff, 0xff, 0xe0, 0x8f, 0xff, 0xd0,
    0xd, 0xff, 0xf7, 0x0, 0x2d, 0xff, 0xe0, 0x8f,
    0xff, 0xd0, 0x4, 0xff, 0xfc, 0x0, 0x0, 0xaf,
    0xf8, 0xcf, 0xff, 0x30, 0x0, 0x7f, 0xff, 0x40,
    0x0, 0x6, 0xff, 0xff, 0xf7, 0x0, 0x0, 0x8,
    0xff, 0xf4, 0x0, 0x0, 0x3e, 0xff, 0xa0, 0x0,
    0x0, 0x0, 0x4d, 0xff, 0xc8, 0x82, 0x1, 0xbf,
    0xf7, 0x0, 0x0, 0x0, 0x0, 0x5a, 0xdf, 0xfc,
    0x10, 0x8, 0xff, 0xa0, 0x0, 0x0, 0x0, 0x0,
    0x0, 0x0, 0x0, 0x0, 0x4e, 0xfd, 0x0, 0x0,
    0x0, 0x0, 0x0, 0x0, 0x0, 0x0, 0x2, 0xc8,

    /* U+F071 "" */
    0x0, 0x0, 0x0, 0x0, 0x2d, 0xd2, 0x0, 0x0,
    0x0, 0x0, 0x0, 0x0, 0x0, 0x0, 0xbf, 0xfb,
    0x0, 0x0, 0x0, 0x0, 0x0, 0x0, 0x0, 0x5,
    0xff, 0xff, 0x50, 0x0, 0x0, 0x0, 0x0, 0x0,
    0x0, 0xd, 0xff, 0xff, 0xd0, 0x0, 0x0, 0x0,
    0x0, 0x0, 0x0, 0x7f, 0xff, 0xff, 0xf7, 0x0,
    0x0, 0x0, 0x0, 0x0, 0x1, 0xff, 0xd8, 0x8d,
    0xff, 0x10, 0x0, 0x0, 0x0, 0x0, 0xa, 0xff,
    0xa0, 0xa, 0xff, 0xa0, 0x0, 0x0, 0x0, 0x0,
    0x3f, 0xff, 0xb0, 0xb, 0xff, 0xf3, 0x0, 0x0,
    0x0, 0x0, 0xcf, 0xff, 0xc0, 0xc, 0xff, 0xfc,
    0x0, 0x0, 0x0, 0x5, 0xff, 0xff, 0xd0, 0xd,
    0xff, 0xff, 0x50, 0x0, 0x0, 0xe, 0xff, 0xff,
    0xfb, 0xbf, 0xff, 0xff, 0xe0, 0x0, 0x0, 0x8f,
    0xff, 0xff, 0xe2, 0x2e, 0xff, 0xff, 0xf8, 0x0,
    0x2, 0xff, 0xff, 0xff, 0x90, 0x9, 0xff, 0xff,
    0xff, 0x10, 0xa, 0xff, 0xff, 0xff, 0xe3, 0x3e,
    0xff, 0xff, 0xff, 0xa0, 0xf, 0xff, 0xff, 0xff,
    0xff, 0xff, 0xff, 0xff, 0xff, 0xf0, 0x8, 0xff,
    0xff, 0xff, 0xff, 0xff, 0xff, 0xff, 0xff, 0x80,

    /* U+F074 "" */
    0x0, 0x0, 0x0, 0x0, 0x0, 0x0, 0x0, 0x0,
    0x0, 0x0, 0x0, 0x0, 0x0, 0x0, 0xd8, 0x0,
    0x0, 0x0, 0x0, 0x0, 0x0, 0x0, 0xff, 0x80,
    0xff, 0xff, 0x70, 0x0, 0x7, 0xff, 0xff, 0xf8,
    0xff, 0xff, 0xf6, 0x0, 0x6f, 0xff, 0xff, 0xfd,
    0x78, 0x8e, 0xff, 0x15, 0xff, 0xe8, 0xff, 0xe2,
    0x0, 0x2, 0xe5, 0x4f, 0xfe, 0x20, 0xfe, 0x20,
    0x0, 0x0, 0x13, 0xff, 0xf3, 0x0, 0x52, 0x0,
    0x0, 0x0, 0x3f, 0xff, 0x31, 0x0, 0x52, 0x0,
    0x0, 0x2, 0xef, 0xf4, 0x5e, 0x20, 0xfe, 0x20,
    0x78, 0x8e, 0xff, 0x51, 0xff, 0xe8, 0xff, 0xe2,
    0xff, 0xff, 0xf6, 0x0, 0x6f, 0xff, 0xff, 0xfd,
    0xff, 0xff, 0x70, 0x0, 0x7, 0xff, 0xff, 0xf8,
    0x0, 0x0, 0x0, 0x0, 0x0, 0x0, 0xff, 0x80,
    0x0, 0x0, 0x0, 0x0, 0x0, 0x0, 0xd8, 0x0,
    0x0, 0x0, 0x0, 0x0, 0x0, 0x0, 0x0, 0x0,

    /* U+F077 "" */
    0x0, 0x0, 0x0, 0x0, 0x0, 0x0, 0x0, 0x0,
    0x0, 0x3, 0xeb, 0x0, 0x0, 0x0, 0x0, 0x0,
    0x3e, 0xff, 0xb0, 0x0, 0x0, 0x0, 0x3, 0xef,
    0xff, 0xfb, 0x0, 0x0, 0x0, 0x3e, 0xff, 0x7b,
    0xff, 0xb0, 0x0, 0x3, 0xef, 0xf6, 0x0, 0xbf,
    0xfb, 0x0, 0x3e, 0xff, 0x60, 0x0, 0xb, 0xff,
    0xb0, 0xef, 0xf6, 0x0, 0x0, 0x0, 0xbf, 0xf8,
    0x7f, 0x60, 0x0, 0x0, 0x0, 0xb, 0xe2, 0x0,
    0x0, 0x0, 0x0, 0x0, 0x0, 0x0,

    /* U+F078 "" */
    0x0, 0x0, 0x0, 0x0, 0x0, 0x0, 0x0, 0x7f,
    0x60, 0x0, 0x0, 0x0, 0xb, 0xe2, 0xef, 0xf6,
    0x0, 0x0, 0x0, 0xbf, 0xf8, 0x3e, 0xff, 0x60,
    0x0, 0xb, 0xff, 0xb0, 0x3, 0xef, 0xf6, 0x0,
    0xbf, 0xfb, 0x0, 0x0, 0x3e, 0xff, 0x7b, 0xff,
    0xb0, 0x0, 0x0, 0x3, 0xef, 0xff, 0xfb, 0x0,
    0x0, 0x0, 0x0, 0x3e, 0xff, 0xb0, 0x0, 0x0,
    0x0, 0x0, 0x3, 0xeb, 0x0, 0x0, 0x0, 0x0,
    0x0, 0x0, 0x0, 0x0, 0x0, 0x0,

    /* U+F079 "" */
    0x0, 0x0, 0x0, 0x0, 0x0, 0x0, 0x0, 0x0,
    0x0, 0x0, 0x0, 0x1d, 0xd1, 0x0, 0x0, 0x0,
    0x0, 0x0, 0x0, 0x0, 0x1, 0xdf, 0xfd, 0x10,
    0xef, 0xff, 0xff, 0xff, 0xd0, 0x0, 0x1d, 0xff,
    0xff, 0xd1, 0xaf, 0xff, 0xff, 0xff, 0xf0, 0x0,
    0xcf, 0xcf, 0xfc, 0xfc, 0x0, 0x0, 0x0, 0xf,
    0xf0, 0x0, 0x6b, 0x1f, 0xf1, 0xb6, 0x0, 0x0,
    0x0, 0xf, 0xf0, 0x0, 0x0, 0xf, 0xf0, 0x0,
    0x0, 0x0, 0x0, 0xf, 0xf0, 0x0, 0x0, 0xf,
    0xf0, 0x0, 0x0, 0x0, 0x0, 0xf, 0xf0, 0x0,
    0x0, 0xf, 0xf0, 0x0, 0x0, 0x0, 0x6b, 0x1f,
    0xf1, 0xb6, 0x0, 0xf, 0xf0, 0x0, 0x0, 0x0,
    0xcf, 0xcf, 0xfc, 0xfc, 0x0, 0xf, 0xff, 0xff,
    0xff, 0xfa, 0x1d, 0xff, 0xff, 0xd1, 0x0, 0xd,
    0xff, 0xff, 0xff, 0xfe, 0x1, 0xdf, 0xfd, 0x10,
    0x0, 0x0, 0x0, 0x0, 0x0, 0x0, 0x0, 0x1d,
    0xd1, 0x0, 0x0, 0x0, 0x0, 0x0, 0x0, 0x0,
    0x0, 0x0, 0x0, 0x0,

    /* U+F07B "" */
    0x8f, 0xff, 0xff, 0xe2, 0x0, 0x0, 0x0, 0x0,
    0xff, 0xff, 0xff, 0xfe, 0x20, 0x0, 0x0, 0x0,
    0xff, 0xff, 0xff, 0xff, 0xff, 0xff, 0xff, 0xf8,
    0xff, 0xff, 0xff, 0xff, 0xff, 0xff, 0xff, 0xff,
    0xff, 0xff, 0xff, 0xff, 0xff, 0xff, 0xff, 0xff,
    0xff, 0xff, 0xff, 0xff, 0xff, 0xff, 0xff, 0xff,
    0xff, 0xff, 0xff, 0xff, 0xff, 0xff, 0xff, 0xff,
    0xff, 0xff, 0xff, 0xff, 0xff, 0xff, 0xff, 0xff,
    0xff, 0xff, 0xff, 0xff, 0xff, 0xff, 0xff, 0xff,
    0xff, 0xff, 0xff, 0xff, 0xff, 0xff, 0xff, 0xff,
    0xff, 0xff, 0xff, 0xff, 0xff, 0xff, 0xff, 0xff,
    0x8f, 0xff, 0xff, 0xff, 0xff, 0xff, 0xff, 0xf8,

    /* U+F093 "" */
    0x0, 0x0, 0x0, 0xb, 0xb0, 0x0, 0x0, 0x0,
    0x0, 0x0, 0x0, 0xbf, 0xfb, 0x0, 0x0, 0x0,
    0x0, 0x0, 0xb, 0xff, 0xff, 0xb0, 0x0, 0x0,
    0x0, 0x0, 0xbf, 0xff, 0xff, 0xfb, 0x0, 0x0,
    0x0, 0xb, 0xff, 0xff, 0xff, 0xff, 0xb0, 0x0,
    0x0, 0x4f, 0xff, 0xff, 0xff, 0xff, 0xf4, 0x0,
    0x0, 0x0, 0x0, 0xff, 0xff, 0x0, 0x0, 0x0,
    0x0, 0x0, 0x0, 0xff, 0xff, 0x0, 0x0, 0x0,
    0x0, 0x0, 0x0, 0xff, 0xff, 0x0, 0x0, 0x0,
    0x0, 0x0, 0x0, 0xff, 0xff, 0x0, 0x0, 0x0,
    0x0, 0x0, 0x0, 0xff, 0xff, 0x0, 0x0, 0x0,
    0xdf, 0xff, 0xf0, 0xdf, 0xfd, 0xf, 0xff, 0xfd,
    0xff, 0xff, 0xf9, 0x0, 0x0, 0x9f, 0xff, 0xff,
    0xff, 0xff, 0xff, 0xff, 0xff, 0xff, 0xff, 0xff,
    0xff, 0xff, 0xff, 0xff, 0xff, 0xf0, 0xf0, 0xff,
    0xdf, 0xff, 0xff, 0xff, 0xff, 0xff, 0xff, 0xfd,

    /* U+F095 "" */
    0x0, 0x0, 0x0, 0x0, 0x0, 0x0, 0x0, 0x0,
    0x0, 0x0, 0x0, 0x0, 0x0, 0x0, 0xa, 0xea,
    0x62, 0x0, 0x0, 0x0, 0x0, 0x0, 0x2, 0xff,
    0xff, 0xf0, 0x0, 0x0, 0x0, 0x0, 0x0, 0x9f,
    0xff, 0xff, 0x0, 0x0, 0x0, 0x0, 0x0, 0xf,
    0xff, 0xff, 0xd0, 0x0, 0x0, 0x0, 0x0, 0x2,
    0xff, 0xff, 0xfb, 0x0, 0x0, 0x0, 0x0, 0x0,
    0x3, 0xef, 0xff, 0x70, 0x0, 0x0, 0x0, 0x0,
    0x0, 0x4, 0xff, 0xf2, 0x0, 0x0, 0x0, 0x0,
    0x0, 0x0, 0xbf, 0xfb, 0x0, 0x0, 0x0, 0x0,
    0x0, 0x0, 0x6f, 0xff, 0x30, 0x0, 0x0, 0x2,
    0x0, 0x0, 0x4f, 0xff, 0x90, 0x0, 0x2, 0x8f,
    0xf3, 0x0, 0x6f, 0xff, 0xd0, 0x0, 0xa, 0xff,
    0xff, 0xe4, 0xbf, 0xff, 0xd1, 0x0, 0x0, 0xef,
    0xff, 0xff, 0xff, 0xff, 0xd1, 0x0, 0x0, 0xa,
    0xff, 0xff, 0xff, 0xff, 0x90, 0x0, 0x0, 0x0,
    0x6f, 0xff, 0xff, 0xfb, 0x30, 0x0, 0x0, 0x0,
    0x2, 0xff, 0xdb, 0x72, 0x0, 0x0, 0x0, 0x0,
    0x0,

    /* U+F0C4 "" */
    0x8, 0xee, 0x80, 0x0, 0x0, 0x6, 0x61, 0x8,
    0xff, 0xff, 0x80, 0x0, 0x2d, 0xff, 0xd0, 0xef,
    0x33, 0xfe, 0x0, 0x2e, 0xff, 0xf3, 0xe, 0xf3,
    0x3f, 0xe0, 0x2e, 0xff, 0xf3, 0x0, 0x8f, 0xff,
    0xff, 0x6e, 0xff, 0xf3, 0x0, 0x0, 0x8e, 0xff,
    0xff, 0xff, 0xf3, 0x0, 0x0, 0x0, 0x2, 0xef,
    0xff, 0xf3, 0x0, 0x0, 0x0, 0x0, 0x2e, 0xff,
    0xff, 0x30, 0x0, 0x0, 0x8, 0xef, 0xff, 0xff,
    0xff, 0x30, 0x0, 0x8, 0xff, 0xff, 0xf6, 0xef,
    0xff, 0x30, 0x0, 0xef, 0x33, 0xfe, 0x2, 0xef,
    0xff, 0x30, 0xe, 0xf3, 0x3f, 0xe0, 0x2, 0xef,
    0xff, 0x30, 0x8f, 0xff, 0xf8, 0x0, 0x2, 0xdf,
    0xfd, 0x0, 0x8e, 0xe8, 0x0, 0x0, 0x0, 0x66,
    0x10,

    /* U+F0C5 "" */
    0x0, 0x0, 0xdf, 0xff, 0xff, 0xd, 0x20, 0x0,
    0x0, 0xff, 0xff, 0xff, 0xf, 0xe2, 0x0, 0x0,
    0xff, 0xff, 0xff, 0xf, 0xfd, 0xdf, 0xf0, 0xff,
    0xff, 0xff, 0x20, 0x0, 0xff, 0xf0, 0xff, 0xff,
    0xff, 0xff, 0xff, 0xff, 0xf0, 0xff, 0xff, 0xff,
    0xff, 0xff, 0xff, 0xf0, 0xff, 0xff, 0xff, 0xff,
    0xff, 0xff, 0xf0, 0xff, 0xff, 0xff, 0xff, 0xff,
    0xff, 0xf0, 0xff, 0xff, 0xff, 0xff, 0xff, 0xff,
    0xf0, 0xff, 0xff, 0xff, 0xff, 0xff, 0xff, 0xf0,
    0xff, 0xff, 0xff, 0xff, 0xff, 0xff, 0xf0, 0xff,
    0xff, 0xff, 0xff, 0xff, 0xff, 0xf0, 0xdf, 0xff,
    0xff, 0xff, 0xfd, 0xff, 0xf9, 0x0, 0x0, 0x0,
    0x0, 0x0, 0xff, 0xff, 0xff, 0xff, 0xff, 0x0,
    0x0, 0xdf, 0xff, 0xff, 0xff, 0xfd, 0x0, 0x0,

    /* U+F0C7 "" */
    0x8f, 0xff, 0xff, 0xff, 0xff, 0xc2, 0x0, 0xff,
    0xff, 0xff, 0xff, 0xff, 0xfe, 0x20, 0xff, 0x0,
    0x0, 0x0, 0x1, 0xff, 0xe2, 0xff, 0x0, 0x0,
    0x0, 0x0, 0xff, 0xfc, 0xff, 0x0, 0x0, 0x0,
    0x0, 0xff, 0xff, 0xff, 0x0, 0x0, 0x0, 0x0,
    0xff, 0xff, 0xff, 0xff, 0xff, 0xff, 0xff, 0xff,
    0xff, 0xff, 0xff, 0xff, 0xff, 0xff, 0xff, 0xff,
    0xff, 0xff, 0xfb, 0x11, 0xbf, 0xff, 0xff, 0xff,
    0xff, 0xf1, 0x0, 0x1f, 0xff, 0xff, 0xff, 0xff,
    0xf1, 0x0, 0x1f, 0xff, 0xff, 0xff, 0xff, 0xfb,
    0x11, 0xbf, 0xff, 0xff, 0xff, 0xff, 0xff, 0xff,
    0xff, 0xff, 0xff, 0x8f, 0xff, 0xff, 0xff, 0xff,
    0xff, 0xf8,

    /* U+F0C9 "" */
    0x1, 0x11, 0x11, 0x11, 0x11, 0x11, 0x10, 0xff,
    0xff, 0xff, 0xff, 0xff, 0xff, 0xff, 0xff, 0xff,
    0xff, 0xff, 0xff, 0xff, 0xff, 0x1, 0x11, 0x11,
    0x11, 0x11, 0x11, 0x10, 0x0, 0x0, 0x0, 0x0,
    0x0, 0x0, 0x0, 0x1, 0x11, 0x11, 0x11, 0x11,
    0x11, 0x10, 0xff, 0xff, 0xff, 0xff, 0xff, 0xff,
    0xff, 0xff, 0xff, 0xff, 0xff, 0xff, 0xff, 0xff,
    0x1, 0x11, 0x11, 0x11, 0x11, 0x11, 0x10, 0x0,
    0x0, 0x0, 0x0, 0x0, 0x0, 0x0, 0x1, 0x11,
    0x11, 0x11, 0x11, 0x11, 0x10, 0xff, 0xff, 0xff,
    0xff, 0xff, 0xff, 0xff, 0xff, 0xff, 0xff, 0xff,
    0xff, 0xff, 0xff, 0x1, 0x11, 0x11, 0x11, 0x11,
    0x11, 0x10,

    /* U+F0E0 "" */
    0x8f, 0xff, 0xff, 0xff, 0xff, 0xff, 0xff, 0xf8,
    0xff, 0xff, 0xff, 0xff, 0xff, 0xff, 0xff, 0xff,
    0xcf, 0xff, 0xff, 0xff, 0xff, 0xff, 0xff, 0xfc,
    0x9, 0xff, 0xff, 0xff, 0xff, 0xff, 0xff, 0x90,
    0xd2, 0x5f, 0xff, 0xff, 0xff, 0xff, 0xf5, 0x2d,
    0xff, 0x62, 0xcf, 0xff, 0xff, 0xfc, 0x26, 0xff,
    0xff, 0xfa, 0x18, 0xff, 0xff, 0x81, 0xaf, 0xff,
    0xff, 0xff, 0xe3, 0x4d, 0xd4, 0x3e, 0xff, 0xff,
    0xff, 0xff, 0xff, 0x81, 0x18, 0xff, 0xff, 0xff,
    0xff, 0xff, 0xff, 0xff, 0xff, 0xff, 0xff, 0xff,
    0xff, 0xff, 0xff, 0xff, 0xff, 0xff, 0xff, 0xff,
    0x8f, 0xff, 0xff, 0xff, 0xff, 0xff, 0xff, 0xf8,

    /* U+F0E7 "" */
    0x0, 0xdf, 0xff, 0xfd, 0x0, 0x0, 0x1, 0xff,
    0xff, 0xfc, 0x0, 0x0, 0x3, 0xff, 0xff, 0xf7,
    0x0, 0x0, 0x6, 0xff, 0xff, 0xf2, 0x0, 0x0,
    0x8, 0xff, 0xff, 0xd0, 0x0, 0x0, 0xa, 0xff,
    0xff, 0xff, 0xff, 0xd0, 0xc, 0xff, 0xff, 0xff,
    0xff, 0xa0, 0xe, 0xff, 0xff, 0xff, 0xff, 0x20,
    0xd, 0xff, 0xff, 0xff, 0xf8, 0x0, 0x0, 0x0,
    0xa, 0xff, 0xe0, 0x0, 0x0, 0x0, 0xe, 0xff,
    0x50, 0x0, 0x0, 0x0, 0x2f, 0xfc, 0x0, 0x0,
    0x0, 0x0, 0x5f, 0xf3, 0x0, 0x0, 0x0, 0x0,
    0x9f, 0xa0, 0x0, 0x0, 0x0, 0x0, 0xdf, 0x10,
    0x0, 0x0, 0x0, 0x0, 0xd7, 0x0, 0x0, 0x0,

    /* U+F0EA "" */
    0x1, 0x15, 0xee, 0x51, 0x10, 0x0, 0x0, 0xef,
    0xff, 0x88, 0xff, 0xfe, 0x0, 0x0, 0xff, 0xff,
    0x88, 0xff, 0xff, 0x0, 0x0, 0xff, 0xff, 0xff,
    0xff, 0xff, 0x0, 0x0, 0xff, 0xff, 0x90, 0x0,
    0x0, 0x0, 0x0, 0xff, 0xff, 0xd, 0xff, 0xff,
    0xd, 0x20, 0xff, 0xff, 0xf, 0xff, 0xff, 0xf,
    0xe2, 0xff, 0xff, 0xf, 0xff, 0xff, 0xf, 0xfd,
    0xff, 0xff, 0xf, 0xff, 0xff, 0x20, 0x0, 0xff,
    0xff, 0xf, 0xff, 0xff, 0xff, 0xff, 0xff, 0xff,
    0xf, 0xff, 0xff, 0xff, 0xff, 0xff, 0xff, 0xf,
    0xff, 0xff, 0xff, 0xff, 0xdf, 0xff, 0xf, 0xff,
    0xff, 0xff, 0xff, 0x0, 0x0, 0xf, 0xff, 0xff,
    0xff, 0xff, 0x0, 0x0, 0xf, 0xff, 0xff, 0xff,
    0xff, 0x0, 0x0, 0xd, 0xff, 0xff, 0xff, 0xfd,

    /* U+F0F3 "" */
    0x0, 0x0, 0x0, 0xcc, 0x0, 0x0, 0x0, 0x0,
    0x0, 0x2, 0xff, 0x30, 0x0, 0x0, 0x0, 0x1,
    0xbf, 0xff, 0xfc, 0x20, 0x0, 0x0, 0x1e, 0xff,
    0xff, 0xff, 0xe1, 0x0, 0x0, 0x9f, 0xff, 0xff,
    0xff, 0xf8, 0x0, 0x0, 0xef, 0xff, 0xff, 0xff,
    0xfd, 0x0, 0x0, 0xff, 0xff, 0xff, 0xff, 0xff,
    0x0, 0x1, 0xff, 0xff, 0xff, 0xff, 0xff, 0x0,
    0x3, 0xff, 0xff, 0xff, 0xff, 0xff, 0x30, 0x8,
    0xff, 0xff, 0xff, 0xff, 0xff, 0x80, 0x1e, 0xff,
    0xff, 0xff, 0xff, 0xff, 0xe1, 0xcf, 0xff, 0xff,
    0xff, 0xff, 0xff, 0xfc, 0xcf, 0xff, 0xff, 0xff,
    0xff, 0xff, 0xfc, 0x0, 0x0, 0x0, 0x0, 0x0,
    0x0, 0x0, 0x0, 0x0, 0xe, 0xff, 0xe0, 0x0,
    0x0, 0x0, 0x0, 0x4, 0xee, 0x40, 0x0, 0x0,

    /* U+F11C "" */
    0x8f, 0xff, 0xff, 0xff, 0xff, 0xff, 0xff, 0xff,
    0xf8, 0xff, 0xff, 0xff, 0xff, 0xff, 0xff, 0xff,
    0xff, 0xff, 0xff, 0x0, 0xf0, 0xf, 0x0, 0xf0,
    0xf, 0x0, 0xff, 0xff, 0x0, 0xf0, 0xf, 0x0,
    0xf0, 0xf, 0x0, 0xff, 0xff, 0xff, 0xff, 0xff,
    0xff, 0xff, 0xff, 0xff, 0xff, 0xff, 0xf8, 0x8,
    0x80, 0x88, 0x8, 0x80, 0x8f, 0xff, 0xff, 0xf8,
    0x8, 0x80, 0x88, 0x8, 0x80, 0x8f, 0xff, 0xff,
    0xff, 0xff, 0xff, 0xff, 0xff, 0xff, 0xff, 0xff,
    0xff, 0x0, 0xf0, 0x0, 0x0, 0x0, 0xf, 0x0,
    0xff, 0xff, 0x0, 0xf0, 0x0, 0x0, 0x0, 0xf,
    0x0, 0xff, 0xff, 0xff, 0xff, 0xff, 0xff, 0xff,
    0xff, 0xff, 0xff, 0x8f, 0xff, 0xff, 0xff, 0xff,
    0xff, 0xff, 0xff, 0xf8,

    /* U+F124 "" */
    0x0, 0x0, 0x0, 0x0, 0x0, 0x0, 0x0, 0x0,
    0x0, 0x0, 0x0, 0x0, 0x0, 0x0, 0x0, 0x3,
    0xaf, 0x70, 0x0, 0x0, 0x0, 0x0, 0x0, 0x4,
    0xcf, 0xff, 0xf0, 0x0, 0x0, 0x0, 0x0, 0x6,
    0xdf, 0xff, 0xff, 0xa0, 0x0, 0x0, 0x0, 0x17,
    0xef, 0xff, 0xff, 0xff, 0x30, 0x0, 0x0, 0x18,
    0xff, 0xff, 0xff, 0xff, 0xfc, 0x0, 0x0, 0x2a,
    0xff, 0xff, 0xff, 0xff, 0xff, 0xf4, 0x0, 0x8,
    0xff, 0xff, 0xff, 0xff, 0xff, 0xff, 0xd0, 0x0,
    0xf, 0xff, 0xff, 0xff, 0xff, 0xff, 0xff, 0x60,
    0x0, 0x8, 0xff, 0xff, 0xff, 0xff, 0xff, 0xfe,
    0x0, 0x0, 0x0, 0x0, 0x0, 0x0, 0xff, 0xff,
    0xf7, 0x0, 0x0, 0x0, 0x0, 0x0, 0x0, 0xff,
    0xff, 0xf1, 0x0, 0x0, 0x0, 0x0, 0x0, 0x0,
    0xff, 0xff, 0x80, 0x0, 0x0, 0x0, 0x0, 0x0,
    0x0, 0xff, 0xff, 0x10, 0x0, 0x0, 0x0, 0x0,
    0x0, 0x0, 0xff, 0xfa, 0x0, 0x0, 0x0, 0x0,
    0x0, 0x0, 0x0, 0xff, 0xf2, 0x0, 0x0, 0x0,
    0x0, 0x0, 0x0, 0x0, 0x8f, 0x80, 0x0, 0x0,
    0x0, 0x0, 0x0, 0x0, 0x0, 0x0, 0x0, 0x0,
    0x0, 0x0,

    /* U+F158 "" */
    0x0, 0xff, 0xff, 0xff, 0xe9, 0x10, 0x0, 0xff,
    0xff, 0xff, 0xff, 0xd1, 0x0, 0xff, 0xa2, 0x23,
    0xaf, 0xf9, 0x0, 0xff, 0x90, 0x0, 0xd, 0xfe,
    0x0, 0xff, 0x90, 0x0, 0xa, 0xff, 0x0, 0xff,
    0x90, 0x0, 0xd, 0xfe, 0x22, 0xff, 0xa2, 0x23,
    0xaf, 0xf8, 0xff, 0xff, 0xff, 0xff, 0xff, 0xd1,
    0xff, 0xff, 0xff, 0xff, 0xe9, 0x10, 0x0, 0xff,
    0x90, 0x0, 0x0, 0x0, 0xff, 0xff, 0xff, 0xff,
    0xff, 0x0, 0xff, 0xff, 0xff, 0xff, 0xff, 0x0,
    0x0, 0xff, 0x90, 0x0, 0x0, 0x0, 0x0, 0xff,
    0x80, 0x0, 0x0, 0x0,

    /* U+F1EB "" */
    0x0, 0x0, 0x0, 0x0, 0x0, 0x0, 0x0, 0x0,
    0x0, 0x0, 0x0, 0x0, 0x4, 0x9c, 0xef, 0xfe,
    0xc9, 0x40, 0x0, 0x0, 0x0, 0x7, 0xef, 0xff,
    0xff, 0xff, 0xff, 0xfe, 0x70, 0x0, 0x4, 0xdf,
    0xff, 0xfc, 0xa8, 0x8a, 0xcf, 0xff, 0xfd, 0x40,
    0x6f, 0xff, 0xd5, 0x0, 0x0, 0x0, 0x0, 0x5d,
    0xff, 0xf6, 0xcf, 0xf6, 0x0, 0x0, 0x0, 0x0,
    0x0, 0x0, 0x6f, 0xfc, 0x1a, 0x30, 0x0, 0x5a,
    0xdf, 0xfd, 0xa5, 0x0, 0x3, 0xa1, 0x0, 0x0,
    0x4d, 0xff, 0xff, 0xff, 0xff, 0xd4, 0x0, 0x0,
    0x0, 0x5, 0xff, 0xfe, 0xa8, 0x8a, 0xef, 0xff,
    0x50, 0x0, 0x0, 0x1, 0xdf, 0x70, 0x0, 0x0,
    0x7, 0xfd, 0x10, 0x0, 0x0, 0x0, 0x12, 0x0,
    0x0, 0x0, 0x0, 0x21, 0x0, 0x0, 0x0, 0x0,
    0x0, 0x0, 0x4e, 0xe4, 0x0, 0x0, 0x0, 0x0,
    0x0, 0x0, 0x0, 0x0, 0xef, 0xfe, 0x0, 0x0,
    0x0, 0x0, 0x0, 0x0, 0x0, 0x0, 0xef, 0xfe,
    0x0, 0x0, 0x0, 0x0, 0x0, 0x0, 0x0, 0x0,
    0x4e, 0xe4, 0x0, 0x0, 0x0, 0x0,

    /* U+F240 "" */
    0x8f, 0xff, 0xff, 0xff, 0xff, 0xff, 0xff, 0xff,
    0xff, 0x80, 0xff, 0xff, 0xff, 0xff, 0xff, 0xff,
    0xff, 0xff, 0xff, 0xf0, 0xff, 0x0, 0x0, 0x0,
    0x0, 0x0, 0x0, 0x0, 0xf, 0xfd, 0xff, 0xf,
    0xff, 0xff, 0xff, 0xff, 0xff, 0xff, 0xf, 0xff,
    0xff, 0xf, 0xff, 0xff, 0xff, 0xff, 0xff, 0xff,
    0x0, 0xff, 0xff, 0xf, 0xff, 0xff, 0xff, 0xff,
    0xff, 0xff, 0x0, 0xff, 0xff, 0xf, 0xff, 0xff,
    0xff, 0xff, 0xff, 0xff, 0xf, 0xff, 0xff, 0x0,
    0x0, 0x0, 0x0, 0x0, 0x0, 0x0, 0xf, 0xfd,
    0xff, 0xff, 0xff, 0xff, 0xff, 0xff, 0xff, 0xff,
    0xff, 0xf0, 0x8f, 0xff, 0xff, 0xff, 0xff, 0xff,
    0xff, 0xff, 0xff, 0x80,

    /* U+F241 "" */
    0x8f, 0xff, 0xff, 0xff, 0xff, 0xff, 0xff, 0xff,
    0xff, 0x80, 0xff, 0xff, 0xff, 0xff, 0xff, 0xff,
    0xff, 0xff, 0xff, 0xf0, 0xff, 0x0, 0x0, 0x0,
    0x0, 0x0, 0x0, 0x0, 0xf, 0xfd, 0xff, 0xf,
    0xff, 0xff, 0xff, 0xff, 0xf0, 0x0, 0xf, 0xff,
    0xff, 0xf, 0xff, 0xff, 0xff, 0xff, 0xf0, 0x0,
    0x0, 0xff, 0xff, 0xf, 0xff, 0xff, 0xff, 0xff,
    0xf0, 0x0, 0x0, 0xff, 0xff, 0xf, 0xff, 0xff,
    0xff, 0xff, 0xf0, 0x0, 0xf, 0xff, 0xff, 0x0,
    0x0, 0x0, 0x0, 0x0, 0x0, 0x0, 0xf, 0xfd,
    0xff, 0xff, 0xff, 0xff, 0xff, 0xff, 0xff, 0xff,
    0xff, 0xf0, 0x8f, 0xff, 0xff, 0xff, 0xff, 0xff,
    0xff, 0xff, 0xff, 0x80,

    /* U+F242 "" */
    0x8f, 0xff, 0xff, 0xff, 0xff, 0xff, 0xff, 0xff,
    0xff, 0x80, 0xff, 0xff, 0xff, 0xff, 0xff, 0xff,
    0xff, 0xff, 0xff, 0xf0, 0xff, 0x0, 0x0, 0x0,
    0x0, 0x0, 0x0, 0x0, 0xf, 0xfd, 0xff, 0xf,
    0xff, 0xff, 0xff, 0x0, 0x0, 0x0, 0xf, 0xff,
    0xff, 0xf, 0xff, 0xff, 0xff, 0x0, 0x0, 0x0,
    0x0, 0xff, 0xff, 0xf, 0xff, 0xff, 0xff, 0x0,
    0x0, 0x0, 0x0, 0xff, 0xff, 0xf, 0xff, 0xff,
    0xff, 0x0, 0x0, 0x0, 0xf, 0xff, 0xff, 0x0,
    0x0, 0x0, 0x0, 0x0, 0x0, 0x0, 0xf, 0xfd,
    0xff, 0xff, 0xff, 0xff, 0xff, 0xff, 0xff, 0xff,
    0xff, 0xf0, 0x8f, 0xff, 0xff, 0xff, 0xff, 0xff,
    0xff, 0xff, 0xff, 0x80,

    /* U+F243 "" */
    0x8f, 0xff, 0xff, 0xff, 0xff, 0xff, 0xff, 0xff,
    0xff, 0x80, 0xff, 0xff, 0xff, 0xff, 0xff, 0xff,
    0xff, 0xff, 0xff, 0xf0, 0xff, 0x0, 0x0, 0x0,
    0x0, 0x0, 0x0, 0x0, 0xf, 0xfd, 0xff, 0xf,
    0xff, 0xf0, 0x0, 0x0, 0x0, 0x0, 0xf, 0xff,
    0xff, 0xf, 0xff, 0xf0, 0x0, 0x0, 0x0, 0x0,
    0x0, 0xff, 0xff, 0xf, 0xff, 0xf0, 0x0, 0x0,
    0x0, 0x0, 0x0, 0xff, 0xff, 0xf, 0xff, 0xf0,
    0x0, 0x0, 0x0, 0x0, 0xf, 0xff, 0xff, 0x0,
    0x0, 0x0, 0x0, 0x0, 0x0, 0x0, 0xf, 0xfd,
    0xff, 0xff, 0xff, 0xff, 0xff, 0xff, 0xff, 0xff,
    0xff, 0xf0, 0x8f, 0xff, 0xff, 0xff, 0xff, 0xff,
    0xff, 0xff, 0xff, 0x80,

    /* U+F244 "" */
    0x8f, 0xff, 0xff, 0xff, 0xff, 0xff, 0xff, 0xff,
    0xff, 0x80, 0xff, 0xff, 0xff, 0xff, 0xff, 0xff,
    0xff, 0xff, 0xff, 0xf0, 0xff, 0x0, 0x0, 0x0,
    0x0, 0x0, 0x0, 0x0, 0xf, 0xfd, 0xff, 0x0,
    0x0, 0x0, 0x0, 0x0, 0x0, 0x0, 0xf, 0xff,
    0xff, 0x0, 0x0, 0x0, 0x0, 0x0, 0x0, 0x0,
    0x0, 0xff, 0xff, 0x0, 0x0, 0x0, 0x0, 0x0,
    0x0, 0x0, 0x0, 0xff, 0xff, 0x0, 0x0, 0x0,
    0x0, 0x0, 0x0, 0x0, 0xf, 0xff, 0xff, 0x0,
    0x0, 0x0, 0x0, 0x0, 0x0, 0x0, 0xf, 0xfd,
    0xff, 0xff, 0xff, 0xff, 0xff, 0xff, 0xff, 0xff,
    0xff, 0xf0, 0x8f, 0xff, 0xff, 0xff, 0xff, 0xff,
    0xff, 0xff, 0xff, 0x80,

    /* U+F287 "" */
    0x0, 0x0, 0x0, 0x0, 0x0, 0x1, 0x0, 0x0,
    0x0, 0x0, 0x0, 0x0, 0x0, 0x0, 0x0, 0x7,
    0xfd, 0x10, 0x0, 0x0, 0x0, 0x0, 0x0, 0x0,
    0x1, 0xcf, 0xff, 0xf5, 0x0, 0x0, 0x0, 0x0,
    0x0, 0x0, 0x0, 0xaa, 0x29, 0xfe, 0x10, 0x0,
    0x0, 0x0, 0x0, 0x0, 0x0, 0x2f, 0x10, 0x2,
    0x0, 0x0, 0x0, 0x0, 0x1, 0x9b, 0x50, 0x9,
    0xa0, 0x0, 0x0, 0x0, 0x2, 0x30, 0x0, 0xbf,
    0xff, 0x43, 0xf5, 0x22, 0x22, 0x22, 0x22, 0x6f,
    0xa1, 0xf, 0xff, 0xff, 0xff, 0xff, 0xff, 0xff,
    0xff, 0xff, 0xff, 0xd0, 0xaf, 0xff, 0x20, 0x0,
    0xb8, 0x0, 0x0, 0x0, 0x5f, 0x80, 0x0, 0x79,
    0x30, 0x0, 0x2, 0xf1, 0x2, 0x33, 0x11, 0x20,
    0x0, 0x0, 0x0, 0x0, 0x0, 0xa, 0xb1, 0xcf,
    0xf9, 0x0, 0x0, 0x0, 0x0, 0x0, 0x0, 0x0,
    0xb, 0xff, 0xff, 0x90, 0x0, 0x0, 0x0, 0x0,
    0x0, 0x0, 0x0, 0x0, 0xbf, 0xf9, 0x0, 0x0,
    0x0, 0x0, 0x0, 0x0, 0x0, 0x0, 0x1, 0x22,
    0x0, 0x0, 0x0,

    /* U+F293 "" */
    0x0, 0x18, 0xdf, 0xfd, 0x92, 0x0, 0x2, 0xef,
    0xfb, 0xef, 0xff, 0x30, 0xd, 0xff, 0xfa, 0x2e,
    0xff, 0xe0, 0x4f, 0xff, 0xfa, 0x3, 0xff, 0xf5,
    0x9f, 0xfa, 0xfa, 0x35, 0x4f, 0xfa, 0xcf, 0xc0,
    0x8a, 0x3d, 0xb, 0xfd, 0xef, 0xfb, 0x3, 0x12,
    0x8f, 0xfe, 0xff, 0xff, 0xb0, 0x6, 0xff, 0xff,
    0xff, 0xff, 0xd1, 0x8, 0xff, 0xff, 0xef, 0xfd,
    0x11, 0x10, 0x9f, 0xff, 0xdf, 0xd1, 0x59, 0x3b,
    0xb, 0xfd, 0xaf, 0xd7, 0xfa, 0x38, 0x1d, 0xfb,
    0x5f, 0xff, 0xfa, 0x1, 0xdf, 0xf7, 0xd, 0xff,
    0xfa, 0x1d, 0xff, 0xf1, 0x3, 0xef, 0xfc, 0xdf,
    0xff, 0x50, 0x0, 0x18, 0xdf, 0xfe, 0xa3, 0x0,

    /* U+F2ED "" */
    0x0, 0x0, 0x7f, 0xff, 0xf7, 0x0, 0x0, 0xef,
    0xff, 0xff, 0xff, 0xff, 0xff, 0xfe, 0xef, 0xff,
    0xff, 0xff, 0xff, 0xff, 0xfe, 0x0, 0x0, 0x0,
    0x0, 0x0, 0x0, 0x0, 0xf, 0xff, 0xff, 0xff,
    0xff, 0xff, 0xf0, 0xf, 0xff, 0xff, 0xff, 0xff,
    0xff, 0xf0, 0xf, 0xf9, 0x9f, 0x99, 0xf9, 0x9f,
    0xf0, 0xf, 0xf8, 0x8f, 0x88, 0xf8, 0x8f, 0xf0,
    0xf, 0xf8, 0x8f, 0x88, 0xf8, 0x8f, 0xf0, 0xf,
    0xf8, 0x8f, 0x88, 0xf8, 0x8f, 0xf0, 0xf, 0xf8,
    0x8f, 0x88, 0xf8, 0x8f, 0xf0, 0xf, 0xf8, 0x8f,
    0x88, 0xf8, 0x8f, 0xf0, 0xf, 0xf8, 0x8f, 0x88,
    0xf8, 0x8f, 0xf0, 0xf, 0xf9, 0x9f, 0x99, 0xf9,
    0x9f, 0xf0, 0xf, 0xff, 0xff, 0xff, 0xff, 0xff,
    0xf0, 0x8, 0xff, 0xff, 0xff, 0xff, 0xff, 0x80,

    /* U+F304 "" */
    0x0, 0x0, 0x0, 0x0, 0x0, 0x0, 0x7f, 0xa0,
    0x0, 0x0, 0x0, 0x0, 0x0, 0x0, 0x8f, 0xff,
    0xb0, 0x0, 0x0, 0x0, 0x0, 0x0, 0xd, 0xff,
    0xff, 0xa0, 0x0, 0x0, 0x0, 0x0, 0x8a, 0x1d,
    0xff, 0xff, 0x0, 0x0, 0x0, 0x0, 0x8f, 0xfa,
    0x1d, 0xff, 0x70, 0x0, 0x0, 0x0, 0x8f, 0xff,
    0xfa, 0x1d, 0x80, 0x0, 0x0, 0x0, 0x8f, 0xff,
    0xff, 0xfa, 0x0, 0x0, 0x0, 0x0, 0x8f, 0xff,
    0xff, 0xff, 0x80, 0x0, 0x0, 0x0, 0x8f, 0xff,
    0xff, 0xff, 0x80, 0x0, 0x0, 0x0, 0x8f, 0xff,
    0xff, 0xff, 0x80, 0x0, 0x0, 0x0, 0x8f, 0xff,
    0xff, 0xff, 0x80, 0x0, 0x0, 0x0, 0x6f, 0xff,
    0xff, 0xff, 0x80, 0x0, 0x0, 0x0, 0xb, 0xff,
    0xff, 0xff, 0x80, 0x0, 0x0, 0x0, 0x0, 0xdf,
    0xff, 0xff, 0x80, 0x0, 0x0, 0x0, 0x0, 0xe,
    0xff, 0xff, 0x80, 0x0, 0x0, 0x0, 0x0, 0x0,
    0xde, 0xdb, 0x60, 0x0, 0x0, 0x0, 0x0, 0x0,
    0x0, 0x0, 0x0, 0x0, 0x0, 0x0, 0x0, 0x0,
    0x0,

    /* U+F55A "" */
    0x0, 0x0, 0x1b, 0xff, 0xff, 0xff, 0xff, 0xff,
    0xff, 0xe4, 0x0, 0x1, 0xdf, 0xff, 0xff, 0xff,
    0xff, 0xff, 0xff, 0xfe, 0x0, 0x1d, 0xff, 0xff,
    0xfa, 0xef, 0xfe, 0xaf, 0xff, 0xff, 0x1, 0xdf,
    0xff, 0xff, 0xa0, 0x2e, 0xe2, 0xa, 0xff, 0xff,
    0x1d, 0xff, 0xff, 0xff, 0xe2, 0x2, 0x20, 0x2e,
    0xff, 0xff, 0xcf, 0xff, 0xff, 0xff, 0xfe, 0x20,
    0x2, 0xef, 0xff, 0xff, 0xcf, 0xff, 0xff, 0xff,
    0xfe, 0x20, 0x2, 0xef, 0xff, 0xff, 0x1d, 0xff,
    0xff, 0xff, 0xe2, 0x2, 0x20, 0x2e, 0xff, 0xff,
    0x1, 0xdf, 0xff, 0xff, 0xa0, 0x2e, 0xe2, 0xa,
    0xff, 0xff, 0x0, 0x1d, 0xff, 0xff, 0xfa, 0xef,
    0xfe, 0xaf, 0xff, 0xff, 0x0, 0x1, 0xdf, 0xff,
    0xff, 0xff, 0xff, 0xff, 0xff, 0xfe, 0x0, 0x0,
    0x1b, 0xff, 0xff, 0xff, 0xff, 0xff, 0xff, 0xe4,

    /* U+F7C2 "" */
    0x0, 0x8, 0xff, 0xff, 0xff, 0xe4, 0x0, 0x8f,
    0xff, 0xff, 0xff, 0xfe, 0x8, 0xf8, 0xf, 0x0,
    0xf0, 0xff, 0x8f, 0xf8, 0xf, 0x0, 0xf0, 0xff,
    0xff, 0xf8, 0xf, 0x0, 0xf0, 0xff, 0xff, 0xff,
    0xff, 0xff, 0xff, 0xff, 0xff, 0xff, 0xff, 0xff,
    0xff, 0xff, 0xff, 0xff, 0xff, 0xff, 0xff, 0xff,
    0xff, 0xff, 0xff, 0xff, 0xff, 0xff, 0xff, 0xff,
    0xff, 0xff, 0xff, 0xff, 0xff, 0xff, 0xff, 0xff,
    0xff, 0xff, 0xff, 0xff, 0xff, 0xff, 0xff, 0xff,
    0xff, 0xff, 0xff, 0xff, 0xff, 0xff, 0xff, 0xff,
    0xff, 0xff, 0xff, 0xff, 0xef, 0xff, 0xff, 0xff,
    0xff, 0xfe, 0x4e, 0xff, 0xff, 0xff, 0xff, 0xe4,

    /* U+F8A2 "" */
    0x0, 0x0, 0x0, 0x0, 0x0, 0x0, 0x0, 0x1,
    0x0, 0x0, 0x0, 0x0, 0x0, 0x0, 0x0, 0x4f,
    0x0, 0x0, 0x20, 0x0, 0x0, 0x0, 0x3, 0xff,
    0x0, 0x1c, 0xf0, 0x0, 0x0, 0x0, 0x8, 0xff,
    0x1, 0xdf, 0xf0, 0x0, 0x0, 0x0, 0x8, 0xff,
    0x2d, 0xff, 0xf8, 0x88, 0x88, 0x88, 0x8c, 0xff,
    0xdf, 0xff, 0xff, 0xff, 0xff, 0xff, 0xff, 0xff,
    0x8f, 0xff, 0xff, 0xff, 0xff, 0xff, 0xff, 0xfd,
    0x7, 0xff, 0xf0, 0x0, 0x0, 0x0, 0x0, 0x0,
    0x0, 0x6f, 0xf0, 0x0, 0x0, 0x0, 0x0, 0x0,
    0x0, 0x5, 0x90, 0x0, 0x0, 0x0, 0x0, 0x0
};


/*---------------------
 *  GLYPH DESCRIPTION
 *--------------------*/

static const lv_font_fmt_txt_glyph_dsc_t glyph_dsc[] = {
    {.bitmap_index = 0, .adv_w = 0, .box_w = 0, .box_h = 0, .ofs_x = 0, .ofs_y = 0} /* id = 0 reserved */,
    {.bitmap_index = 0, .adv_w = 69, .box_w = 0, .box_h = 0, .ofs_x = 0, .ofs_y = 0},
    {.bitmap_index = 0, .adv_w = 69, .box_w = 3, .box_h = 12, .ofs_x = 1, .ofs_y = 0},
    {.bitmap_index = 18, .adv_w = 100, .box_w = 5, .box_h = 5, .ofs_x = 1, .ofs_y = 7},
    {.bitmap_index = 31, .adv_w = 180, .box_w = 11, .box_h = 12, .ofs_x = 0, .ofs_y = 0},
    {.bitmap_index = 97, .adv_w = 159, .box_w = 10, .box_h = 16, .ofs_x = 0, .ofs_y = -2},
    {.bitmap_index = 177, .adv_w = 216, .box_w = 13, .box_h = 12, .ofs_x = 0, .ofs_y = 0},
    {.bitmap_index = 255, .adv_w = 176, .box_w = 11, .box_h = 13, .ofs_x = 0, .ofs_y = -1},
    {.bitmap_index = 327, .adv_w = 54, .box_w = 2, .box_h = 5, .ofs_x = 1, .ofs_y = 7},
    {.bitmap_index = 332, .adv_w = 86, .box_w = 4, .box_h = 15, .ofs_x = 1, .ofs_y = -3},
    {.bitmap_index = 362, .adv_w = 87, .box_w = 4, .box_h = 15, .ofs_x = 0, .ofs_y = -3},
    {.bitmap_index = 392, .adv_w = 102, .box_w = 7, .box_h = 7, .ofs_x = 0, .ofs_y = 5},
    {.bitmap_index = 417, .adv_w = 149, .box_w = 8, .box_h = 8, .ofs_x = 1, .ofs_y = 2},
    {.bitmap_index = 449, .adv_w = 58, .box_w = 3, .box_h = 5, .ofs_x = 0, .ofs_y = -2},
    {.bitmap_index = 457, .adv_w = 98, .box_w = 6, .box_h = 3, .ofs_x = 0, .ofs_y = 3},
    {.bitmap_index = 466, .adv_w = 58, .box_w = 3, .box_h = 3, .ofs_x = 0, .ofs_y = 0},
    {.bitmap_index = 471, .adv_w = 90, .box_w = 8, .box_h = 16, .ofs_x = -1, .ofs_y = -2},
    {.bitmap_index = 535, .adv_w = 171, .box_w = 10, .box_h = 12, .ofs_x = 0, .ofs_y = 0},
    {.bitmap_index = 595, .adv_w = 95, .box_w = 5, .box_h = 12, .ofs_x = 0, .ofs_y = 0},
    {.bitmap_index = 625, .adv_w = 147, .box_w = 9, .box_h = 12, .ofs_x = 0, .ofs_y = 0},
    {.bitmap_index = 679, .adv_w = 146, .box_w = 9, .box_h = 12, .ofs_x = 0, .ofs_y = 0},
    {.bitmap_index = 733, .adv_w = 171, .box_w = 11, .box_h = 12, .ofs_x = 0, .ofs_y = 0},
    {.bitmap_index = 799, .adv_w = 147, .box_w = 9, .box_h = 12, .ofs_x = 0, .ofs_y = 0},
    {.bitmap_index = 853, .adv_w = 158, .box_w = 10, .box_h = 12, .ofs_x = 0, .ofs_y = 0},
    {.bitmap_index = 913, .adv_w = 153, .box_w = 9, .box_h = 12, .ofs_x = 0, .ofs_y = 0},
    {.bitmap_index = 967, .adv_w = 165, .box_w = 10, .box_h = 12, .ofs_x = 0, .ofs_y = 0},
    {.bitmap_index = 1027, .adv_w = 158, .box_w = 10, .box_h = 12, .ofs_x = 0, .ofs_y = 0},
    {.bitmap_index = 1087, .adv_w = 58, .box_w = 3, .box_h = 9, .ofs_x = 0, .ofs_y = 0},
    {.bitmap_index = 1101, .adv_w = 58, .box_w = 3, .box_h = 12, .ofs_x = 0, .ofs_y = -3},
    {.bitmap_index = 1119, .adv_w = 149, .box_w = 8, .box_h = 8, .ofs_x = 1, .ofs_y = 2},
    {.bitmap_index = 1151, .adv_w = 149, .box_w = 8, .box_h = 6, .ofs_x = 1, .ofs_y = 3},
    {.bitmap_index = 1175, .adv_w = 149, .box_w = 8, .box_h = 8, .ofs_x = 1, .ofs_y = 2},
    {.bitmap_index = 1207, .adv_w = 147, .box_w = 9, .box_h = 12, .ofs_x = 0, .ofs_y = 0},
    {.bitmap_index = 1261, .adv_w = 265, .box_w = 16, .box_h = 15, .ofs_x = 0, .ofs_y = -3},
    {.bitmap_index = 1381, .adv_w = 187, .box_w = 13, .box_h = 12, .ofs_x = -1, .ofs_y = 0},
    {.bitmap_index = 1459, .adv_w = 194, .box_w = 11, .box_h = 12, .ofs_x = 1, .ofs_y = 0},
    {.bitmap_index = 1525, .adv_w = 185, .box_w = 11, .box_h = 12, .ofs_x = 0, .ofs_y = 0},
    {.bitmap_index = 1591, .adv_w = 211, .box_w = 12, .box_h = 12, .ofs_x = 1, .ofs_y = 0},
    {.bitmap_index = 1663, .adv_w = 172, .box_w = 9, .box_h = 12, .ofs_x = 1, .ofs_y = 0},
    {.bitmap_index = 1717, .adv_w = 163, .box_w = 9, .box_h = 12, .ofs_x = 1, .ofs_y = 0},
    {.bitmap_index = 1771, .adv_w = 198, .box_w = 12, .box_h = 12, .ofs_x = 0, .ofs_y = 0},
    {.bitmap_index = 1843, .adv_w = 208, .box_w = 11, .box_h = 12, .ofs_x = 1, .ofs_y = 0},
    {.bitmap_index = 1909, .adv_w = 79, .box_w = 3, .box_h = 12, .ofs_x = 1, .ofs_y = 0},
    {.bitmap_index = 1927, .adv_w = 131, .box_w = 8, .box_h = 12, .ofs_x = -1, .ofs_y = 0},
    {.bitmap_index = 1975, .adv_w = 184, .box_w = 11, .box_h = 12, .ofs_x = 1, .ofs_y = 0},
    {.bitmap_index = 2041, .adv_w = 152, .box_w = 9, .box_h = 12, .ofs_x = 1, .ofs_y = 0},
    {.bitmap_index = 2095, .adv_w = 244, .box_w = 13, .box_h = 12, .ofs_x = 1, .ofs_y = 0},
    {.bitmap_index = 2173, .adv_w = 208, .box_w = 11, .box_h = 12, .ofs_x = 1, .ofs_y = 0},
    {.bitmap_index = 2239, .adv_w = 215, .box_w = 13, .box_h = 12, .ofs_x = 0, .ofs_y = 0},
    {.bitmap_index = 2317, .adv_w = 185, .box_w = 10, .box_h = 12, .ofs_x = 1, .ofs_y = 0},
    {.bitmap_index = 2377, .adv_w = 215, .box_w = 14, .box_h = 15, .ofs_x = 0, .ofs_y = -3},
    {.bitmap_index = 2482, .adv_w = 186, .box_w = 10, .box_h = 12, .ofs_x = 1, .ofs_y = 0},
    {.bitmap_index = 2542, .adv_w = 159, .box_w = 10, .box_h = 12, .ofs_x = 0, .ofs_y = 0},
    {.bitmap_index = 2602, .adv_w = 150, .box_w = 10, .box_h = 12, .ofs_x = 0, .ofs_y = 0},
    {.bitmap_index = 2662, .adv_w = 202, .box_w = 11, .box_h = 12, .ofs_x = 1, .ofs_y = 0},
    {.bitmap_index = 2728, .adv_w = 182, .box_w = 13, .box_h = 12, .ofs_x = -1, .ofs_y = 0},
    {.bitmap_index = 2806, .adv_w = 288, .box_w = 18, .box_h = 12, .ofs_x = 0, .ofs_y = 0},
    {.bitmap_index = 2914, .adv_w = 172, .box_w = 11, .box_h = 12, .ofs_x = 0, .ofs_y = 0},
    {.bitmap_index = 2980, .adv_w = 166, .box_w = 12, .box_h = 12, .ofs_x = -1, .ofs_y = 0},
    {.bitmap_index = 3052, .adv_w = 168, .box_w = 11, .box_h = 12, .ofs_x = 0, .ofs_y = 0},
    {.bitmap_index = 3118, .adv_w = 85, .box_w = 5, .box_h = 15, .ofs_x = 1, .ofs_y = -3},
    {.bitmap_index = 3156, .adv_w = 90, .box_w = 8, .box_h = 16, .ofs_x = -1, .ofs_y = -2},
    {.bitmap_index = 3220, .adv_w = 85, .box_w = 4, .box_h = 15, .ofs_x = 0, .ofs_y = -3},
    {.bitmap_index = 3250, .adv_w = 149, .box_w = 8, .box_h = 7, .ofs_x = 1, .ofs_y = 2},
    {.bitmap_index = 3278, .adv_w = 128, .box_w = 8, .box_h = 2, .ofs_x = 0, .ofs_y = -2},
    {.bitmap_index = 3286, .adv_w = 154, .box_w = 5, .box_h = 2, .ofs_x = 1, .ofs_y = 10},
    {.bitmap_index = 3291, .adv_w = 153, .box_w = 9, .box_h = 9, .ofs_x = 0, .ofs_y = 0},
    {.bitmap_index = 3332, .adv_w = 175, .box_w = 10, .box_h = 12, .ofs_x = 1, .ofs_y = 0},
    {.bitmap_index = 3392, .adv_w = 146, .box_w = 9, .box_h = 9, .ofs_x = 0, .ofs_y = 0},
    {.bitmap_index = 3433, .adv_w = 175, .box_w = 10, .box_h = 12, .ofs_x = 0, .ofs_y = 0},
    {.bitmap_index = 3493, .adv_w = 157, .box_w = 10, .box_h = 9, .ofs_x = 0, .ofs_y = 0},
    {.bitmap_index = 3538, .adv_w = 90, .box_w = 7, .box_h = 12, .ofs_x = 0, .ofs_y = 0},
    {.bitmap_index = 3580, .adv_w = 177, .box_w = 10, .box_h = 12, .ofs_x = 0, .ofs_y = -3},
    {.bitmap_index = 3640, .adv_w = 174, .box_w = 9, .box_h = 12, .ofs_x = 1, .ofs_y = 0},
    {.bitmap_index = 3694, .adv_w = 71, .box_w = 3, .box_h = 12, .ofs_x = 1, .ofs_y = 0},
    {.bitmap_index = 3712, .adv_w = 73, .box_w = 6, .box_h = 15, .ofs_x = -2, .ofs_y = -3},
    {.bitmap_index = 3757, .adv_w = 158, .box_w = 9, .box_h = 12, .ofs_x = 1, .ofs_y = 0},
    {.bitmap_index = 3811, .adv_w = 71, .box_w = 2, .box_h = 12, .ofs_x = 1, .ofs_y = 0},
    {.bitmap_index = 3823, .adv_w = 271, .box_w = 15, .box_h = 9, .ofs_x = 1, .ofs_y = 0},
    {.bitmap_index = 3891, .adv_w = 174, .box_w = 9, .box_h = 9, .ofs_x = 1, .ofs_y = 0},
    {.bitmap_index = 3932, .adv_w = 163, .box_w = 10, .box_h = 9, .ofs_x = 0, .ofs_y = 0},
    {.bitmap_index = 3977, .adv_w = 175, .box_w = 10, .box_h = 12, .ofs_x = 1, .ofs_y = -3},
    {.bitmap_index = 4037, .adv_w = 175, .box_w = 10, .box_h = 12, .ofs_x = 0, .ofs_y = -3},
    {.bitmap_index = 4097, .adv_w = 105, .box_w = 6, .box_h = 9, .ofs_x = 1, .ofs_y = 0},
    {.bitmap_index = 4124, .adv_w = 128, .box_w = 8, .box_h = 9, .ofs_x = 0, .ofs_y = 0},
    {.bitmap_index = 4160, .adv_w = 106, .box_w = 7, .box_h = 11, .ofs_x = 0, .ofs_y = 0},
    {.bitmap_index = 4199, .adv_w = 173, .box_w = 9, .box_h = 9, .ofs_x = 1, .ofs_y = 0},
    {.bitmap_index = 4240, .adv_w = 143, .box_w = 10, .box_h = 9, .ofs_x = -1, .ofs_y = 0},
    {.bitmap_index = 4285, .adv_w = 230, .box_w = 15, .box_h = 9, .ofs_x = 0, .ofs_y = 0},
    {.bitmap_index = 4353, .adv_w = 141, .box_w = 9, .box_h = 9, .ofs_x = 0, .ofs_y = 0},
    {.bitmap_index = 4394, .adv_w = 143, .box_w = 10, .box_h = 12, .ofs_x = -1, .ofs_y = -3},
    {.bitmap_index = 4454, .adv_w = 133, .box_w = 8, .box_h = 9, .ofs_x = 0, .ofs_y = 0},
    {.bitmap_index = 4490, .adv_w = 90, .box_w = 6, .box_h = 15, .ofs_x = 0, .ofs_y = -3},
    {.bitmap_index = 4535, .adv_w = 77, .box_w = 3, .box_h = 15, .ofs_x = 1, .ofs_y = -3},
    {.bitmap_index = 4558, .adv_w = 90, .box_w = 5, .box_h = 15, .ofs_x = 0, .ofs_y = -3},
    {.bitmap_index = 4596, .adv_w = 149, .box_w = 9, .box_h = 5, .ofs_x = 0, .ofs_y = 4},
    {.bitmap_index = 4619, .adv_w = 69, .box_w = 0, .box_h = 0, .ofs_x = 0, .ofs_y = 0},
    {.bitmap_index = 4619, .adv_w = 69, .box_w = 3, .box_h = 12, .ofs_x = 1, .ofs_y = -3},
    {.bitmap_index = 4637, .adv_w = 146, .box_w = 9, .box_h = 13, .ofs_x = 0, .ofs_y = -2},
    {.bitmap_index = 4696, .adv_w = 165, .box_w = 11, .box_h = 12, .ofs_x = 0, .ofs_y = 0},
    {.bitmap_index = 4762, .adv_w = 179, .box_w = 11, .box_h = 12, .ofs_x = 0, .ofs_y = -1},
    {.bitmap_index = 4828, .adv_w = 181, .box_w = 13, .box_h = 12, .ofs_x = -1, .ofs_y = 0},
    {.bitmap_index = 4906, .adv_w = 77, .box_w = 3, .box_h = 15, .ofs_x = 1, .ofs_y = -3},
    {.bitmap_index = 4929, .adv_w = 128, .box_w = 8, .box_h = 14, .ofs_x = 0, .ofs_y = -2},
    {.bitmap_index = 4985, .adv_w = 154, .box_w = 6, .box_h = 2, .ofs_x = 2, .ofs_y = 11},
    {.bitmap_index = 4991, .adv_w = 205, .box_w = 13, .box_h = 12, .ofs_x = 0, .ofs_y = 0},
    {.bitmap_index = 5069, .adv_w = 103, .box_w = 6, .box_h = 5, .ofs_x = 0, .ofs_y = 7},
    {.bitmap_index = 5084, .adv_w = 129, .box_w = 8, .box_h = 7, .ofs_x = 0, .ofs_y = 1},
    {.bitmap_index = 5112, .adv_w = 149, .box_w = 8, .box_h = 6, .ofs_x = 1, .ofs_y = 1},
    {.bitmap_index = 5136, .adv_w = 98, .box_w = 6, .box_h = 3, .ofs_x = 0, .ofs_y = 3},
    {.bitmap_index = 5145, .adv_w = 205, .box_w = 13, .box_h = 12, .ofs_x = 0, .ofs_y = 0},
    {.bitmap_index = 5223, .adv_w = 154, .box_w = 6, .box_h = 2, .ofs_x = 2, .ofs_y = 10},
    {.bitmap_index = 5229, .adv_w = 107, .box_w = 6, .box_h = 6, .ofs_x = 0, .ofs_y = 6},
    {.bitmap_index = 5247, .adv_w = 149, .box_w = 8, .box_h = 11, .ofs_x = 1, .ofs_y = 0},
    {.bitmap_index = 5291, .adv_w = 110, .box_w = 7, .box_h = 7, .ofs_x = 0, .ofs_y = 5},
    {.bitmap_index = 5316, .adv_w = 110, .box_w = 7, .box_h = 7, .ofs_x = 0, .ofs_y = 5},
    {.bitmap_index = 5341, .adv_w = 154, .box_w = 5, .box_h = 2, .ofs_x = 3, .ofs_y = 10},
    {.bitmap_index = 5346, .adv_w = 175, .box_w = 9, .box_h = 12, .ofs_x = 1, .ofs_y = -3},
    {.bitmap_index = 5400, .adv_w = 166, .box_w = 9, .box_h = 15, .ofs_x = 0, .ofs_y = -3},
    {.bitmap_index = 5468, .adv_w = 68, .box_w = 3, .box_h = 3, .ofs_x = 1, .ofs_y = 3},
    {.bitmap_index = 5473, .adv_w = 154, .box_w = 5, .box_h = 4, .ofs_x = 2, .ofs_y = -4},
    {.bitmap_index = 5483, .adv_w = 110, .box_w = 5, .box_h = 7, .ofs_x = 1, .ofs_y = 5},
    {.bitmap_index = 5501, .adv_w = 107, .box_w = 7, .box_h = 5, .ofs_x = 0, .ofs_y = 7},
    {.bitmap_index = 5519, .adv_w = 129, .box_w = 8, .box_h = 7, .ofs_x = 0, .ofs_y = 1},
    {.bitmap_index = 5547, .adv_w = 265, .box_w = 16, .box_h = 12, .ofs_x = 1, .ofs_y = 0},
    {.bitmap_index = 5643, .adv_w = 265, .box_w = 15, .box_h = 12, .ofs_x = 1, .ofs_y = 0},
    {.bitmap_index = 5733, .adv_w = 265, .box_w = 17, .box_h = 12, .ofs_x = 0, .ofs_y = 0},
    {.bitmap_index = 5835, .adv_w = 147, .box_w = 9, .box_h = 12, .ofs_x = 1, .ofs_y = -3},
    {.bitmap_index = 5889, .adv_w = 187, .box_w = 13, .box_h = 15, .ofs_x = -1, .ofs_y = 0},
    {.bitmap_index = 5987, .adv_w = 187, .box_w = 13, .box_h = 15, .ofs_x = -1, .ofs_y = 0},
    {.bitmap_index = 6085, .adv_w = 187, .box_w = 13, .box_h = 15, .ofs_x = -1, .ofs_y = 0},
    {.bitmap_index = 6183, .adv_w = 187, .box_w = 13, .box_h = 15, .ofs_x = -1, .ofs_y = 0},
    {.bitmap_index = 6281, .adv_w = 187, .box_w = 13, .box_h = 15, .ofs_x = -1, .ofs_y = 0},
    {.bitmap_index = 6379, .adv_w = 187, .box_w = 13, .box_h = 17, .ofs_x = -1, .ofs_y = 0},
    {.bitmap_index = 6490, .adv_w = 268, .box_w = 17, .box_h = 12, .ofs_x = -1, .ofs_y = 0},
    {.bitmap_index = 6592, .adv_w = 185, .box_w = 11, .box_h = 15, .ofs_x = 0, .ofs_y = -3},
    {.bitmap_index = 6675, .adv_w = 172, .box_w = 9, .box_h = 15, .ofs_x = 1, .ofs_y = 0},
    {.bitmap_index = 6743, .adv_w = 172, .box_w = 9, .box_h = 15, .ofs_x = 1, .ofs_y = 0},
    {.bitmap_index = 6811, .adv_w = 172, .box_w = 9, .box_h = 15, .ofs_x = 1, .ofs_y = 0},
    {.bitmap_index = 6879, .adv_w = 172, .box_w = 9, .box_h = 15, .ofs_x = 1, .ofs_y = 0},
    {.bitmap_index = 6947, .adv_w = 79, .box_w = 5, .box_h = 15, .ofs_x = -1, .ofs_y = 0},
    {.bitmap_index = 6985, .adv_w = 79, .box_w = 5, .box_h = 15, .ofs_x = 1, .ofs_y = 0},
    {.bitmap_index = 7023, .adv_w = 79, .box_w = 7, .box_h = 15, .ofs_x = -1, .ofs_y = 0},
    {.bitmap_index = 7076, .adv_w = 79, .box_w = 5, .box_h = 15, .ofs_x = 0, .ofs_y = 0},
    {.bitmap_index = 7114, .adv_w = 214, .box_w = 13, .box_h = 12, .ofs_x = 0, .ofs_y = 0},
    {.bitmap_index = 7192, .adv_w = 208, .box_w = 11, .box_h = 15, .ofs_x = 1, .ofs_y = 0},
    {.bitmap_index = 7275, .adv_w = 215, .box_w = 13, .box_h = 15, .ofs_x = 0, .ofs_y = 0},
    {.bitmap_index = 7373, .adv_w = 215, .box_w = 13, .box_h = 15, .ofs_x = 0, .ofs_y = 0},
    {.bitmap_index = 7471, .adv_w = 215, .box_w = 13, .box_h = 15, .ofs_x = 0, .ofs_y = 0},
    {.bitmap_index = 7569, .adv_w = 215, .box_w = 13, .box_h = 15, .ofs_x = 0, .ofs_y = 0},
    {.bitmap_index = 7667, .adv_w = 215, .box_w = 13, .box_h = 15, .ofs_x = 0, .ofs_y = 0},
    {.bitmap_index = 7765, .adv_w = 149, .box_w = 7, .box_h = 8, .ofs_x = 1, .ofs_y = 2},
    {.bitmap_index = 7793, .adv_w = 215, .box_w = 13, .box_h = 14, .ofs_x = 0, .ofs_y = -1},
    {.bitmap_index = 7884, .adv_w = 202, .box_w = 11, .box_h = 15, .ofs_x = 1, .ofs_y = 0},
    {.bitmap_index = 7967, .adv_w = 202, .box_w = 11, .box_h = 15, .ofs_x = 1, .ofs_y = 0},
    {.bitmap_index = 8050, .adv_w = 202, .box_w = 11, .box_h = 15, .ofs_x = 1, .ofs_y = 0},
    {.bitmap_index = 8133, .adv_w = 202, .box_w = 11, .box_h = 15, .ofs_x = 1, .ofs_y = 0},
    {.bitmap_index = 8216, .adv_w = 166, .box_w = 12, .box_h = 15, .ofs_x = -1, .ofs_y = 0},
    {.bitmap_index = 8306, .adv_w = 185, .box_w = 10, .box_h = 12, .ofs_x = 1, .ofs_y = 0},
    {.bitmap_index = 8366, .adv_w = 173, .box_w = 10, .box_h = 12, .ofs_x = 1, .ofs_y = 0},
    {.bitmap_index = 8426, .adv_w = 153, .box_w = 9, .box_h = 12, .ofs_x = 0, .ofs_y = 0},
    {.bitmap_index = 8480, .adv_w = 153, .box_w = 9, .box_h = 12, .ofs_x = 0, .ofs_y = 0},
    {.bitmap_index = 8534, .adv_w = 153, .box_w = 9, .box_h = 12, .ofs_x = 0, .ofs_y = 0},
    {.bitmap_index = 8588, .adv_w = 153, .box_w = 9, .box_h = 12, .ofs_x = 0, .ofs_y = 0},
    {.bitmap_index = 8642, .adv_w = 153, .box_w = 9, .box_h = 12, .ofs_x = 0, .ofs_y = 0},
    {.bitmap_index = 8696, .adv_w = 153, .box_w = 9, .box_h = 14, .ofs_x = 0, .ofs_y = 0},
    {.bitmap_index = 8759, .adv_w = 253, .box_w = 16, .box_h = 9, .ofs_x = 0, .ofs_y = 0},
    {.bitmap_index = 8831, .adv_w = 146, .box_w = 9, .box_h = 12, .ofs_x = 0, .ofs_y = -3},
    {.bitmap_index = 8885, .adv_w = 157, .box_w = 10, .box_h = 12, .ofs_x = 0, .ofs_y = 0},
    {.bitmap_index = 8945, .adv_w = 157, .box_w = 10, .box_h = 12, .ofs_x = 0, .ofs_y = 0},
    {.bitmap_index = 9005, .adv_w = 157, .box_w = 10, .box_h = 12, .ofs_x = 0, .ofs_y = 0},
    {.bitmap_index = 9065, .adv_w = 157, .box_w = 10, .box_h = 12, .ofs_x = 0, .ofs_y = 0},
    {.bitmap_index = 9125, .adv_w = 71, .box_w = 5, .box_h = 12, .ofs_x = -1, .ofs_y = 0},
    {.bitmap_index = 9155, .adv_w = 71, .box_w = 5, .box_h = 12, .ofs_x = 1, .ofs_y = 0},
    {.bitmap_index = 9185, .adv_w = 71, .box_w = 6, .box_h = 12, .ofs_x = -1, .ofs_y = 0},
    {.bitmap_index = 9221, .adv_w = 71, .box_w = 5, .box_h = 12, .ofs_x = 0, .ofs_y = 0},
    {.bitmap_index = 9251, .adv_w = 164, .box_w = 10, .box_h = 12, .ofs_x = 0, .ofs_y = 0},
    {.bitmap_index = 9311, .adv_w = 174, .box_w = 9, .box_h = 12, .ofs_x = 1, .ofs_y = 0},
    {.bitmap_index = 9365, .adv_w = 163, .box_w = 10, .box_h = 12, .ofs_x = 0, .ofs_y = 0},
    {.bitmap_index = 9425, .adv_w = 163, .box_w = 10, .box_h = 12, .ofs_x = 0, .ofs_y = 0},
    {.bitmap_index = 9485, .adv_w = 163, .box_w = 10, .box_h = 12, .ofs_x = 0, .ofs_y = 0},
    {.bitmap_index = 9545, .adv_w = 163, .box_w = 10, .box_h = 12, .ofs_x = 0, .ofs_y = 0},
    {.bitmap_index = 9605, .adv_w = 163, .box_w = 10, .box_h = 12, .ofs_x = 0, .ofs_y = 0},
    {.bitmap_index = 9665, .adv_w = 149, .box_w = 8, .box_h = 9, .ofs_x = 1, .ofs_y = 2},
    {.bitmap_index = 9701, .adv_w = 163, .box_w = 10, .box_h = 11, .ofs_x = 0, .ofs_y = -1},
    {.bitmap_index = 9756, .adv_w = 173, .box_w = 9, .box_h = 12, .ofs_x = 1, .ofs_y = 0},
    {.bitmap_index = 9810, .adv_w = 173, .box_w = 9, .box_h = 12, .ofs_x = 1, .ofs_y = 0},
    {.bitmap_index = 9864, .adv_w = 173, .box_w = 9, .box_h = 12, .ofs_x = 1, .ofs_y = 0},
    {.bitmap_index = 9918, .adv_w = 173, .box_w = 9, .box_h = 12, .ofs_x = 1, .ofs_y = 0},
    {.bitmap_index = 9972, .adv_w = 143, .box_w = 10, .box_h = 15, .ofs_x = -1, .ofs_y = -3},
    {.bitmap_index = 10047, .adv_w = 175, .box_w = 10, .box_h = 15, .ofs_x = 1, .ofs_y = -3},
    {.bitmap_index = 10122, .adv_w = 143, .box_w = 10, .box_h = 15, .ofs_x = -1, .ofs_y = -3},
    {.bitmap_index = 10197, .adv_w = 147, .box_w = 9, .box_h = 10, .ofs_x = 0, .ofs_y = 0},
    {.bitmap_index = 10242, .adv_w = 152, .box_w = 9, .box_h = 10, .ofs_x = 0, .ofs_y = 0},
    {.bitmap_index = 10287, .adv_w = 155, .box_w = 9, .box_h = 11, .ofs_x = 0, .ofs_y = 0},
    {.bitmap_index = 10337, .adv_w = 154, .box_w = 9, .box_h = 10, .ofs_x = 0, .ofs_y = 0},
    {.bitmap_index = 10382, .adv_w = 155, .box_w = 9, .box_h = 11, .ofs_x = 0, .ofs_y = 0},
    {.bitmap_index = 10432, .adv_w = 163, .box_w = 10, .box_h = 11, .ofs_x = 0, .ofs_y = 0},
    {.bitmap_index = 10487, .adv_w = 116, .box_w = 7, .box_h = 10, .ofs_x = 0, .ofs_y = 0},
    {.bitmap_index = 10522, .adv_w = 142, .box_w = 8, .box_h = 10, .ofs_x = 0, .ofs_y = 0},
    {.bitmap_index = 10562, .adv_w = 146, .box_w = 9, .box_h = 10, .ofs_x = 0, .ofs_y = 0},
    {.bitmap_index = 10607, .adv_w = 155, .box_w = 9, .box_h = 11, .ofs_x = 0, .ofs_y = 0},
    {.bitmap_index = 10657, .adv_w = 158, .box_w = 10, .box_h = 11, .ofs_x = 0, .ofs_y = 0},
    {.bitmap_index = 10712, .adv_w = 207, .box_w = 12, .box_h = 10, .ofs_x = 0, .ofs_y = 0},
    {.bitmap_index = 10772, .adv_w = 212, .box_w = 13, .box_h = 14, .ofs_x = 0, .ofs_y = -4},
    {.bitmap_index = 10863, .adv_w = 157, .box_w = 9, .box_h = 15, .ofs_x = 0, .ofs_y = -5},
    {.bitmap_index = 10931, .adv_w = 157, .box_w = 9, .box_h = 15, .ofs_x = 0, .ofs_y = -5},
    {.bitmap_index = 10999, .adv_w = 138, .box_w = 9, .box_h = 16, .ofs_x = -1, .ofs_y = -5},
    {.bitmap_index = 11071, .adv_w = 181, .box_w = 11, .box_h = 10, .ofs_x = 0, .ofs_y = 0},
    {.bitmap_index = 11126, .adv_w = 213, .box_w = 13, .box_h = 11, .ofs_x = 0, .ofs_y = 0},
    {.bitmap_index = 11198, .adv_w = 213, .box_w = 13, .box_h = 10, .ofs_x = 0, .ofs_y = 0},
    {.bitmap_index = 11263, .adv_w = 152, .box_w = 9, .box_h = 10, .ofs_x = 0, .ofs_y = 0},
    {.bitmap_index = 11308, .adv_w = 155, .box_w = 9, .box_h = 11, .ofs_x = 0, .ofs_y = 0},
    {.bitmap_index = 11358, .adv_w = 149, .box_w = 9, .box_h = 10, .ofs_x = 0, .ofs_y = 0},
    {.bitmap_index = 11403, .adv_w = 168, .box_w = 10, .box_h = 10, .ofs_x = 0, .ofs_y = 0},
    {.bitmap_index = 11453, .adv_w = 139, .box_w = 9, .box_h = 11, .ofs_x = 0, .ofs_y = 0},
    {.bitmap_index = 11503, .adv_w = 163, .box_w = 10, .box_h = 10, .ofs_x = 0, .ofs_y = 0},
    {.bitmap_index = 11553, .adv_w = 165, .box_w = 10, .box_h = 10, .ofs_x = 0, .ofs_y = 0},
    {.bitmap_index = 11603, .adv_w = 168, .box_w = 10, .box_h = 14, .ofs_x = 0, .ofs_y = 0},
    {.bitmap_index = 11673, .adv_w = 159, .box_w = 8, .box_h = 10, .ofs_x = 1, .ofs_y = 0},
    {.bitmap_index = 11713, .adv_w = 159, .box_w = 8, .box_h = 14, .ofs_x = 1, .ofs_y = 0},
    {.bitmap_index = 11769, .adv_w = 184, .box_w = 11, .box_h = 10, .ofs_x = 0, .ofs_y = 0},
    {.bitmap_index = 11824, .adv_w = 184, .box_w = 11, .box_h = 14, .ofs_x = 0, .ofs_y = 0},
    {.bitmap_index = 11901, .adv_w = 158, .box_w = 9, .box_h = 10, .ofs_x = 0, .ofs_y = 0},
    {.bitmap_index = 11946, .adv_w = 157, .box_w = 9, .box_h = 10, .ofs_x = 0, .ofs_y = 0},
    {.bitmap_index = 11991, .adv_w = 146, .box_w = 8, .box_h = 10, .ofs_x = 0, .ofs_y = 0},
    {.bitmap_index = 12031, .adv_w = 124, .box_w = 8, .box_h = 11, .ofs_x = 0, .ofs_y = 0},
    {.bitmap_index = 12075, .adv_w = 149, .box_w = 9, .box_h = 14, .ofs_x = 0, .ofs_y = -4},
    {.bitmap_index = 12138, .adv_w = 148, .box_w = 9, .box_h = 10, .ofs_x = 0, .ofs_y = 0},
    {.bitmap_index = 12183, .adv_w = 157, .box_w = 9, .box_h = 14, .ofs_x = 0, .ofs_y = -4},
    {.bitmap_index = 12246, .adv_w = 131, .box_w = 8, .box_h = 10, .ofs_x = 0, .ofs_y = 0},
    {.bitmap_index = 12286, .adv_w = 154, .box_w = 9, .box_h = 11, .ofs_x = 0, .ofs_y = 0},
    {.bitmap_index = 12336, .adv_w = 173, .box_w = 11, .box_h = 10, .ofs_x = 0, .ofs_y = 0},
    {.bitmap_index = 12391, .adv_w = 148, .box_w = 9, .box_h = 11, .ofs_x = 0, .ofs_y = 0},
    {.bitmap_index = 12441, .adv_w = 163, .box_w = 10, .box_h = 10, .ofs_x = 0, .ofs_y = 0},
    {.bitmap_index = 12491, .adv_w = 184, .box_w = 12, .box_h = 11, .ofs_x = 0, .ofs_y = 0},
    {.bitmap_index = 12557, .adv_w = 150, .box_w = 9, .box_h = 10, .ofs_x = 0, .ofs_y = 0},
    {.bitmap_index = 12602, .adv_w = 145, .box_w = 9, .box_h = 10, .ofs_x = 0, .ofs_y = 0},
    {.bitmap_index = 12647, .adv_w = 140, .box_w = 8, .box_h = 10, .ofs_x = 0, .ofs_y = 0},
    {.bitmap_index = 12687, .adv_w = 137, .box_w = 8, .box_h = 10, .ofs_x = 0, .ofs_y = 0},
    {.bitmap_index = 12727, .adv_w = 0, .box_w = 8, .box_h = 4, .ofs_x = -6, .ofs_y = 12},
    {.bitmap_index = 12743, .adv_w = 124, .box_w = 7, .box_h = 10, .ofs_x = 0, .ofs_y = 0},
    {.bitmap_index = 12778, .adv_w = 124, .box_w = 11, .box_h = 15, .ofs_x = -4, .ofs_y = 0},
    {.bitmap_index = 12861, .adv_w = 0, .box_w = 8, .box_h = 4, .ofs_x = -9, .ofs_y = 11},
    {.bitmap_index = 12877, .adv_w = 0, .box_w = 8, .box_h = 6, .ofs_x = -9, .ofs_y = 11},
    {.bitmap_index = 12901, .adv_w = 0, .box_w = 9, .box_h = 5, .ofs_x = -9, .ofs_y = 11},
    {.bitmap_index = 12924, .adv_w = 0, .box_w = 8, .box_h = 5, .ofs_x = -9, .ofs_y = 11},
    {.bitmap_index = 12944, .adv_w = 0, .box_w = 4, .box_h = 5, .ofs_x = -5, .ofs_y = -6},
    {.bitmap_index = 12954, .adv_w = 0, .box_w = 6, .box_h = 5, .ofs_x = -7, .ofs_y = -6},
    {.bitmap_index = 12969, .adv_w = 0, .box_w = 2, .box_h = 2, .ofs_x = -3, .ofs_y = -3},
    {.bitmap_index = 12971, .adv_w = 151, .box_w = 8, .box_h = 16, .ofs_x = 1, .ofs_y = -2},
    {.bitmap_index = 13035, .adv_w = 79, .box_w = 4, .box_h = 10, .ofs_x = 1, .ofs_y = 0},
    {.bitmap_index = 13055, .adv_w = 148, .box_w = 8, .box_h = 10, .ofs_x = 1, .ofs_y = 0},
    {.bitmap_index = 13095, .adv_w = 97, .box_w = 7, .box_h = 17, .ofs_x = -1, .ofs_y = 0},
    {.bitmap_index = 13155, .adv_w = 97, .box_w = 8, .box_h = 17, .ofs_x = -2, .ofs_y = 0},
    {.bitmap_index = 13223, .adv_w = 100, .box_w = 8, .box_h = 17, .ofs_x = -2, .ofs_y = 0},
    {.bitmap_index = 13291, .adv_w = 75, .box_w = 7, .box_h = 14, .ofs_x = -3, .ofs_y = -4},
    {.bitmap_index = 13340, .adv_w = 159, .box_w = 8, .box_h = 15, .ofs_x = 1, .ofs_y = -4},
    {.bitmap_index = 13400, .adv_w = 0, .box_w = 7, .box_h = 7, .ofs_x = -8, .ofs_y = 12},
    {.bitmap_index = 13425, .adv_w = 0, .box_w = 2, .box_h = 4, .ofs_x = -3, .ofs_y = 12},
    {.bitmap_index = 13429, .adv_w = 0, .box_w = 7, .box_h = 5, .ofs_x = -6, .ofs_y = 11},
    {.bitmap_index = 13447, .adv_w = 0, .box_w = 9, .box_h = 5, .ofs_x = -8, .ofs_y = 12},
    {.bitmap_index = 13470, .adv_w = 0, .box_w = 5, .box_h = 4, .ofs_x = -4, .ofs_y = 12},
    {.bitmap_index = 13480, .adv_w = 0, .box_w = 5, .box_h = 6, .ofs_x = -5, .ofs_y = 12},
    {.bitmap_index = 13495, .adv_w = 0, .box_w = 4, .box_h = 4, .ofs_x = -4, .ofs_y = 11},
    {.bitmap_index = 13503, .adv_w = 0, .box_w = 5, .box_h = 6, .ofs_x = -5, .ofs_y = 12},
    {.bitmap_index = 13518, .adv_w = 159, .box_w = 9, .box_h = 9, .ofs_x = 0, .ofs_y = 0},
    {.bitmap_index = 13559, .adv_w = 169, .box_w = 10, .box_h = 8, .ofs_x = 0, .ofs_y = 0},
    {.bitmap_index = 13599, .adv_w = 173, .box_w = 10, .box_h = 8, .ofs_x = 0, .ofs_y = 0},
    {.bitmap_index = 13639, .adv_w = 175, .box_w = 11, .box_h = 10, .ofs_x = 0, .ofs_y = 0},
    {.bitmap_index = 13694, .adv_w = 178, .box_w = 11, .box_h = 7, .ofs_x = 0, .ofs_y = 0},
    {.bitmap_index = 13733, .adv_w = 174, .box_w = 12, .box_h = 12, .ofs_x = 0, .ofs_y = -1},
    {.bitmap_index = 13805, .adv_w = 174, .box_w = 12, .box_h = 12, .ofs_x = 0, .ofs_y = -1},
    {.bitmap_index = 13877, .adv_w = 173, .box_w = 10, .box_h = 11, .ofs_x = 0, .ofs_y = 0},
    {.bitmap_index = 13932, .adv_w = 190, .box_w = 12, .box_h = 11, .ofs_x = 0, .ofs_y = 0},
    {.bitmap_index = 13998, .adv_w = 173, .box_w = 11, .box_h = 11, .ofs_x = 0, .ofs_y = 0},
    {.bitmap_index = 14059, .adv_w = 177, .box_w = 11, .box_h = 11, .ofs_x = 0, .ofs_y = 0},
    {.bitmap_index = 14120, .adv_w = 196, .box_w = 12, .box_h = 10, .ofs_x = 0, .ofs_y = 0},
    {.bitmap_index = 14180, .adv_w = 261, .box_w = 15, .box_h = 8, .ofs_x = 1, .ofs_y = 0},
    {.bitmap_index = 14240, .adv_w = 80, .box_w = 3, .box_h = 4, .ofs_x = 1, .ofs_y = 3},
    {.bitmap_index = 14246, .adv_w = 177, .box_w = 11, .box_h = 3, .ofs_x = 0, .ofs_y = 0},
    {.bitmap_index = 14263, .adv_w = 256, .box_w = 16, .box_h = 17, .ofs_x = 0, .ofs_y = -2},
    {.bitmap_index = 14399, .adv_w = 256, .box_w = 16, .box_h = 12, .ofs_x = 0, .ofs_y = 0},
    {.bitmap_index = 14495, .adv_w = 256, .box_w = 16, .box_h = 14, .ofs_x = 0, .ofs_y = -1},
    {.bitmap_index = 14607, .adv_w = 256, .box_w = 16, .box_h = 12, .ofs_x = 0, .ofs_y = 0},
    {.bitmap_index = 14703, .adv_w = 176, .box_w = 11, .box_h = 11, .ofs_x = 0, .ofs_y = 0},
    {.bitmap_index = 14764, .adv_w = 256, .box_w = 16, .box_h = 16, .ofs_x = 0, .ofs_y = -2},
    {.bitmap_index = 14892, .adv_w = 256, .box_w = 16, .box_h = 16, .ofs_x = 0, .ofs_y = -2},
    {.bitmap_index = 15020, .adv_w = 288, .box_w = 18, .box_h = 14, .ofs_x = 0, .ofs_y = -1},
    {.bitmap_index = 15146, .adv_w = 256, .box_w = 16, .box_h = 16, .ofs_x = 0, .ofs_y = -2},
    {.bitmap_index = 15274, .adv_w = 288, .box_w = 18, .box_h = 12, .ofs_x = 0, .ofs_y = 0},
    {.bitmap_index = 15382, .adv_w = 256, .box_w = 16, .box_h = 16, .ofs_x = 0, .ofs_y = -2},
    {.bitmap_index = 15510, .adv_w = 128, .box_w = 8, .box_h = 14, .ofs_x = 0, .ofs_y = -1},
    {.bitmap_index = 15566, .adv_w = 192, .box_w = 12, .box_h = 14, .ofs_x = 0, .ofs_y = -1},
    {.bitmap_index = 15650, .adv_w = 288, .box_w = 18, .box_h = 16, .ofs_x = 0, .ofs_y = -2},
    {.bitmap_index = 15794, .adv_w = 256, .box_w = 16, .box_h = 12, .ofs_x = 0, .ofs_y = 0},
    {.bitmap_index = 15890, .adv_w = 176, .box_w = 11, .box_h = 16, .ofs_x = 0, .ofs_y = -2},
    {.bitmap_index = 15978, .adv_w = 224, .box_w = 10, .box_h = 16, .ofs_x = 2, .ofs_y = -2},
    {.bitmap_index = 16058, .adv_w = 224, .box_w = 14, .box_h = 18, .ofs_x = 0, .ofs_y = -3},
    {.bitmap_index = 16184, .adv_w = 224, .box_w = 14, .box_h = 14, .ofs_x = 0, .ofs_y = -1},
    {.bitmap_index = 16282, .adv_w = 224, .box_w = 14, .box_h = 14, .ofs_x = 0, .ofs_y = -1},
    {.bitmap_index = 16380, .adv_w = 224, .box_w = 10, .box_h = 16, .ofs_x = 2, .ofs_y = -2},
    {.bitmap_index = 16460, .adv_w = 224, .box_w = 16, .box_h = 14, .ofs_x = -1, .ofs_y = -1},
    {.bitmap_index = 16572, .adv_w = 160, .box_w = 10, .box_h = 14, .ofs_x = 0, .ofs_y = -1},
    {.bitmap_index = 16642, .adv_w = 160, .box_w = 10, .box_h = 14, .ofs_x = 0, .ofs_y = -1},
    {.bitmap_index = 16712, .adv_w = 224, .box_w = 14, .box_h = 14, .ofs_x = 0, .ofs_y = -1},
    {.bitmap_index = 16810, .adv_w = 224, .box_w = 14, .box_h = 3, .ofs_x = 0, .ofs_y = 4},
    {.bitmap_index = 16831, .adv_w = 288, .box_w = 18, .box_h = 12, .ofs_x = 0, .ofs_y = 0},
    {.bitmap_index = 16939, .adv_w = 320, .box_w = 20, .box_h = 16, .ofs_x = 0, .ofs_y = -2},
    {.bitmap_index = 17099, .adv_w = 288, .box_w = 20, .box_h = 16, .ofs_x = -1, .ofs_y = -2},
    {.bitmap_index = 17259, .adv_w = 256, .box_w = 16, .box_h = 16, .ofs_x = 0, .ofs_y = -2},
    {.bitmap_index = 17387, .adv_w = 224, .box_w = 14, .box_h = 10, .ofs_x = 0, .ofs_y = 1},
    {.bitmap_index = 17457, .adv_w = 224, .box_w = 14, .box_h = 10, .ofs_x = 0, .ofs_y = 1},
    {.bitmap_index = 17527, .adv_w = 320, .box_w = 20, .box_h = 14, .ofs_x = 0, .ofs_y = -1},
    {.bitmap_index = 17667, .adv_w = 256, .box_w = 16, .box_h = 12, .ofs_x = 0, .ofs_y = 0},
    {.bitmap_index = 17763, .adv_w = 256, .box_w = 16, .box_h = 16, .ofs_x = 0, .ofs_y = -2},
    {.bitmap_index = 17891, .adv_w = 256, .box_w = 17, .box_h = 17, .ofs_x = -1, .ofs_y = -2},
    {.bitmap_index = 18036, .adv_w = 224, .box_w = 15, .box_h = 14, .ofs_x = 0, .ofs_y = -1},
    {.bitmap_index = 18141, .adv_w = 224, .box_w = 14, .box_h = 16, .ofs_x = 0, .ofs_y = -2},
    {.bitmap_index = 18253, .adv_w = 224, .box_w = 14, .box_h = 14, .ofs_x = 0, .ofs_y = -1},
    {.bitmap_index = 18351, .adv_w = 224, .box_w = 14, .box_h = 14, .ofs_x = 0, .ofs_y = -1},
    {.bitmap_index = 18449, .adv_w = 256, .box_w = 16, .box_h = 12, .ofs_x = 0, .ofs_y = 0},
    {.bitmap_index = 18545, .adv_w = 160, .box_w = 12, .box_h = 16, .ofs_x = -1, .ofs_y = -2},
    {.bitmap_index = 18641, .adv_w = 224, .box_w = 14, .box_h = 16, .ofs_x = 0, .ofs_y = -2},
    {.bitmap_index = 18753, .adv_w = 224, .box_w = 14, .box_h = 16, .ofs_x = 0, .ofs_y = -2},
    {.bitmap_index = 18865, .adv_w = 288, .box_w = 18, .box_h = 12, .ofs_x = 0, .ofs_y = 0},
    {.bitmap_index = 18973, .adv_w = 256, .box_w = 18, .box_h = 18, .ofs_x = -1, .ofs_y = -3},
    {.bitmap_index = 19135, .adv_w = 192, .box_w = 12, .box_h = 14, .ofs_x = 0, .ofs_y = -1},
    {.bitmap_index = 19219, .adv_w = 320, .box_w = 20, .box_h = 15, .ofs_x = 0, .ofs_y = -1},
    {.bitmap_index = 19369, .adv_w = 320, .box_w = 20, .box_h = 10, .ofs_x = 0, .ofs_y = 1},
    {.bitmap_index = 19469, .adv_w = 320, .box_w = 20, .box_h = 10, .ofs_x = 0, .ofs_y = 1},
    {.bitmap_index = 19569, .adv_w = 320, .box_w = 20, .box_h = 10, .ofs_x = 0, .ofs_y = 1},
    {.bitmap_index = 19669, .adv_w = 320, .box_w = 20, .box_h = 10, .ofs_x = 0, .ofs_y = 1},
    {.bitmap_index = 19769, .adv_w = 320, .box_w = 20, .box_h = 10, .ofs_x = 0, .ofs_y = 1},
    {.bitmap_index = 19869, .adv_w = 320, .box_w = 21, .box_h = 14, .ofs_x = 0, .ofs_y = -1},
    {.bitmap_index = 20016, .adv_w = 224, .box_w = 12, .box_h = 16, .ofs_x = 1, .ofs_y = -2},
    {.bitmap_index = 20112, .adv_w = 224, .box_w = 14, .box_h = 16, .ofs_x = 0, .ofs_y = -2},
    {.bitmap_index = 20224, .adv_w = 256, .box_w = 17, .box_h = 17, .ofs_x = -1, .ofs_y = -3},
    {.bitmap_index = 20369, .adv_w = 320, .box_w = 20, .box_h = 12, .ofs_x = 0, .ofs_y = 0},
    {.bitmap_index = 20489, .adv_w = 192, .box_w = 12, .box_h = 16, .ofs_x = 0, .ofs_y = -2},
    {.bitmap_index = 20585, .adv_w = 258, .box_w = 16, .box_h = 11, .ofs_x = 0, .ofs_y = 1}
};

/*---------------------
 *  CHARACTER MAPPING
 *--------------------*/

static const uint16_t unicode_list_4[] = {
    0x0, 0x4, 0xcfdf, 0xcfe6, 0xcfe9, 0xcfea, 0xcfeb, 0xcfef,
    0xcff1, 0xcff3, 0xcff7, 0xcffa, 0xcfff, 0xd004, 0xd005, 0xd006,
    0xd01c, 0xd021, 0xd026, 0xd029, 0xd02a, 0xd02b, 0xd02f, 0xd030,
    0xd031, 0xd032, 0xd045, 0xd046, 0xd04c, 0xd04e, 0xd04f, 0xd052,
    0xd055, 0xd056, 0xd057, 0xd059, 0xd071, 0xd073, 0xd0a2, 0xd0a3,
    0xd0a5, 0xd0a7, 0xd0be, 0xd0c5, 0xd0c8, 0xd0d1, 0xd0fa, 0xd102,
    0xd136, 0xd1c9, 0xd21e, 0xd21f, 0xd220, 0xd221, 0xd222, 0xd265,
    0xd271, 0xd2cb, 0xd2e2, 0xd538, 0xd7a0, 0xd880
};

/*Collect the unicode lists and glyph_id offsets*/
static const lv_font_fmt_txt_cmap_t cmaps[] =
{
    {
        .range_start = 32, .range_length = 95, .glyph_id_start = 1,
        .unicode_list = NULL, .glyph_id_ofs_list = NULL, .list_length = 0, .type = LV_FONT_FMT_TXT_CMAP_FORMAT0_TINY
    },
    {
        .range_start = 160, .range_length = 96, .glyph_id_start = 96,
        .unicode_list = NULL, .glyph_id_ofs_list = NULL, .list_length = 0, .type = LV_FONT_FMT_TXT_CMAP_FORMAT0_TINY
    },
    {
        .range_start = 3585, .range_length = 58, .glyph_id_start = 192,
        .unicode_list = NULL, .glyph_id_ofs_list = NULL, .list_length = 0, .type = LV_FONT_FMT_TXT_CMAP_FORMAT0_TINY
    },
    {
        .range_start = 3647, .range_length = 29, .glyph_id_start = 250,
        .unicode_list = NULL, .glyph_id_ofs_list = NULL, .list_length = 0, .type = LV_FONT_FMT_TXT_CMAP_FORMAT0_TINY
    },
    {
        .range_start = 8226, .range_length = 55425, .glyph_id_start = 279,
        .unicode_list = unicode_list_4, .glyph_id_ofs_list = NULL, .list_length = 62, .type = LV_FONT_FMT_TXT_CMAP_SPARSE_TINY
    }
};

/*-----------------
 *    KERNING
 *----------------*/


/*Map glyph_ids to kern left classes*/
static const uint8_t kern_left_class_mapping[] =
{
    0, 0, 1, 2, 0, 3, 4, 5,
    2, 6, 7, 8, 9, 10, 9, 10,
    11, 12, 0, 13, 14, 15, 16, 17,
    18, 19, 12, 20, 20, 0, 0, 0,
    21, 22, 23, 24, 25, 22, 26, 27,
    28, 29, 29, 30, 31, 32, 29, 29,
    22, 33, 34, 35, 3, 36, 30, 37,
    37, 38, 39, 40, 41, 42, 43, 0,
    44, 0, 45, 46, 47, 48, 49, 50,
    51, 45, 52, 52, 53, 48, 45, 45,
    46, 46, 54, 55, 56, 57, 51, 58,
    58, 59, 58, 60, 41, 0, 0, 9,
    0, 61, 47, 62, 63, 64, 0, 65,
    0, 22, 8, 66, 0, 9, 22, 0,
    67, 0, 0, 0, 0, 51, 29, 9,
    0, 0, 8, 9, 0, 0, 0, 68,
    23, 23, 23, 23, 23, 23, 26, 25,
    26, 26, 26, 26, 29, 29, 29, 29,
    22, 29, 22, 22, 22, 22, 22, 0,
    22, 30, 30, 30, 30, 39, 69, 46,
    45, 45, 45, 45, 45, 45, 49, 47,
    49, 49, 49, 49, 51, 51, 70, 51,
    71, 45, 46, 46, 46, 46, 46, 9,
    46, 51, 51, 51, 51, 58, 46, 58,
    0, 0, 0, 0, 0, 0, 0, 0,
    0, 0, 0, 0, 0, 0, 0, 0,
    0, 0, 0, 0, 0, 0, 0, 0,
    0, 0, 0, 0, 0, 0, 0, 0,
    0, 0, 0, 0, 0, 0, 0, 0,
    0, 0, 0, 0, 0, 0, 0, 0,
    0, 0, 0, 0, 0, 0, 0, 0,
    0, 0, 0, 0, 0, 0, 0, 0,
    0, 0, 0, 0, 0, 0, 0, 0,
    0, 0, 0, 0, 0, 0, 0, 0,
    0, 0, 0, 0, 0, 0, 0, 9,
    10, 0, 0, 0, 0, 0, 0, 0,
    0, 0, 0, 0, 0, 0, 0, 0,
    0, 0, 0, 0, 0, 0, 0, 0,
    0, 0, 0, 0, 0, 0, 0, 0,
    0, 0, 0, 0, 0, 0, 0, 0,
    0, 0, 0, 0, 0, 0, 0, 0,
    0, 0, 0, 0, 0, 0, 0, 0,
    0, 0, 0, 0, 0
};

/*Map glyph_ids to kern right classes*/
static const uint8_t kern_right_class_mapping[] =
{
    0, 0, 1, 2, 0, 3, 4, 5,
    2, 6, 7, 8, 9, 10, 9, 10,
    11, 12, 13, 14, 15, 16, 17, 12,
    18, 19, 20, 21, 21, 0, 0, 0,
    22, 23, 24, 25, 23, 25, 25, 25,
    23, 25, 25, 26, 25, 25, 25, 25,
    23, 25, 23, 25, 3, 27, 28, 29,
    29, 30, 31, 32, 33, 34, 35, 0,
    36, 0, 37, 38, 39, 39, 39, 0,
    39, 38, 40, 41, 38, 38, 42, 42,
    39, 42, 39, 42, 43, 44, 45, 46,
    46, 47, 46, 48, 0, 0, 35, 9,
    0, 49, 39, 50, 51, 52, 0, 53,
    0, 23, 8, 9, 9, 9, 23, 0,
    54, 0, 0, 0, 0, 42, 55, 9,
    0, 0, 8, 56, 0, 0, 0, 57,
    24, 24, 24, 24, 24, 24, 24, 23,
    25, 25, 25, 25, 25, 25, 25, 25,
    25, 25, 23, 23, 23, 23, 23, 0,
    23, 28, 28, 28, 28, 31, 25, 38,
    37, 37, 37, 37, 37, 37, 37, 39,
    39, 39, 39, 39, 58, 42, 59, 60,
    39, 42, 39, 39, 39, 39, 39, 9,
    39, 45, 45, 45, 45, 46, 38, 46,
    0, 0, 0, 0, 0, 0, 0, 0,
    0, 0, 0, 0, 0, 0, 0, 0,
    0, 0, 0, 0, 0, 0, 0, 0,
    0, 0, 0, 0, 0, 0, 0, 0,
    0, 0, 0, 0, 0, 0, 0, 0,
    0, 0, 0, 0, 0, 0, 0, 0,
    0, 0, 0, 0, 0, 0, 0, 0,
    0, 0, 0, 0, 0, 0, 0, 0,
    0, 0, 0, 0, 0, 0, 0, 0,
    0, 0, 0, 0, 0, 0, 0, 0,
    0, 0, 0, 0, 0, 0, 0, 9,
    10, 0, 0, 0, 0, 0, 0, 0,
    0, 0, 0, 0, 0, 0, 0, 0,
    0, 0, 0, 0, 0, 0, 0, 0,
    0, 0, 0, 0, 0, 0, 0, 0,
    0, 0, 0, 0, 0, 0, 0, 0,
    0, 0, 0, 0, 0, 0, 0, 0,
    0, 0, 0, 0, 0, 0, 0, 0,
    0, 0, 0, 0, 0
};

/*Kern values between classes*/
static const int8_t kern_class_values[] =
{
    0, 1, 0, 0, 0, 0, 0, 0,
    0, 1, 0, 0, 3, 0, 0, 0,
    0, 2, 0, 0, 0, 0, 0, 0,
    0, 0, 0, 0, 0, 0, 0, 0,
    0, 0, 1, 0, 0, 0, 0, 0,
    0, 0, 0, 0, 0, 0, 0, 0,
    0, 0, 0, 3, 0, 0, 0, 0,
    0, 0, 0, 0, 1, 12, 0, 7,
    -6, 0, 0, 0, 0, -14, -15, 2,
    12, 6, 4, -10, 2, 13, 1, 11,
    3, 8, 0, 0, 0, 0, 0, 0,
    0, 0, 0, 0, 0, 15, 2, -2,
    0, 0, 0, 0, 0, 0, 0, 0,
    0, 0, 0, 0, 0, 0, -5, 5,
    0, 5, 12, 0, -11, 0, 0, 0,
    0, -8, 0, 0, 0, 0, 0, -5,
    4, 5, 0, 0, -3, 0, -2, 3,
    0, -3, 0, -3, -1, -5, 0, 0,
    0, 0, -3, 0, 0, -3, -4, 0,
    0, -3, 0, -5, 0, 0, 0, 0,
    0, 0, 0, 0, 0, -3, -3, 0,
    -1, 0, 0, 0, 0, -4, 0, 0,
    -3, 0, 0, 0, 0, -7, 0, -31,
    0, 0, -5, 0, 5, 8, 0, 0,
    -5, 3, 3, 8, 5, -4, 5, 0,
    0, -15, 0, 0, 0, 0, 0, 0,
    0, 0, 0, 0, 0, -9, 0, 0,
    0, 0, 0, 0, 0, 0, 0, 0,
    0, 0, 0, 0, 0, 0, 0, 0,
    0, -7, 0, 0, 0, 0, 0, 0,
    -3, -13, 0, -10, -2, 0, 0, 0,
    0, 1, 10, 0, -8, -2, -1, 1,
    0, -4, 0, 0, -2, -19, 0, 0,
    0, 0, 0, 0, 0, 0, 0, 0,
    0, -20, -2, 10, 0, 0, 0, 0,
    0, 0, 0, 0, 0, 0, 0, 0,
    -3, 0, 0, 0, 0, -10, -11, 0,
    -1, 0, 0, 0, 0, 0, 0, 0,
    0, 0, 0, 0, 0, 0, 8, 0,
    3, 0, 0, -5, 0, 0, 0, 0,
    0, 0, 0, 0, 0, 0, 0, 0,
    0, 0, 0, 0, 0, 10, 2, 1,
    0, 0, 0, 0, 0, 0, 0, 0,
    0, 0, 0, 0, 0, 0, 0, 4,
    0, 0, 0, 0, 0, 0, 0, 0,
    0, 0, 0, 0, 0, 0, 0, 0,
    0, 0, 0, 0, 0, 0, 0, 0,
    0, 0, 0, 0, 0, 0, 0, 0,
    0, 0, -9, 0, 0, 0, 0, 0,
    0, 0, 0, 0, 0, 0, 0, 0,
    0, 0, 0, 0, 0, 0, 0, 0,
    0, 0, 0, 0, 0, 0, 0, 0,
    0, 0, 0, 0, 2, 5, 3, 8,
    -3, 0, 0, 5, -3, -8, -35, 2,
    7, 5, 1, -3, 0, 9, 0, 8,
    0, 8, 0, -24, 0, -3, 8, 0,
    8, -3, 5, 3, 0, 0, 1, -3,
    0, 0, -4, 20, 0, 20, 0, 8,
    0, 11, 3, 4, 0, 0, 2, 0,
    0, 8, 9, 3, -21, 20, 20, 20,
    0, 0, 0, -9, 0, 0, 0, 0,
    1, -2, 0, 2, -5, -3, -5, 2,
    0, -3, 0, 0, 0, -10, 0, 0,
    0, 0, 0, 0, 0, 0, 0, 0,
    0, -17, 0, 0, 0, 0, 0, 0,
    0, 0, 0, 0, 0, 0, 0, 0,
    0, 0, 2, -6, 3, 0, -22, -3,
    0, 0, 0, 0, 1, -14, 0, -16,
    0, 0, 0, 0, -2, 0, 25, -3,
    -3, 3, 3, -2, 0, -3, 3, 0,
    0, -14, 0, 0, 0, 0, 0, 0,
    0, 0, 0, 0, 0, -25, 0, 3,
    0, 0, 0, 0, 0, 0, 0, 0,
    0, 0, 0, 0, 1, 0, -3, -8,
    0, -16, -33, 1, 3, 0, 0, 0,
    0, 15, 0, 0, -9, 0, 8, 0,
    -17, -25, -17, -5, 8, 0, 0, -17,
    0, 3, -6, 0, -4, 0, 0, 0,
    0, 0, 0, 0, 0, 0, 0, 0,
    0, 7, 8, -31, 0, 0, 0, 0,
    0, 0, 0, 0, 0, 0, 0, 0,
    -17, -3, 0, 10, -5, 12, 0, -13,
    -19, 0, 0, 0, 0, 2, 0, 0,
    0, 0, 0, 2, 2, -3, -5, 0,
    -1, -1, -3, 0, 0, -2, 0, 0,
    0, -5, 0, -2, 0, -6, -5, 0,
    -6, -8, -8, -5, 0, -5, 0, -5,
    0, 0, 0, 0, -2, 0, 0, 3,
    0, 2, -3, 0, 0, 0, 0, -3,
    0, 1, 0, 0, -8, 0, 0, 0,
    0, 0, 0, 3, -2, 0, 0, 0,
    -2, 3, 3, -1, 0, 0, 0, -5,
    0, -1, 0, 0, 0, 0, 0, 1,
    0, 3, -2, 0, -3, 0, -4, 0,
    0, -2, 0, 8, 0, 0, -3, 0,
    0, 0, 0, 0, -1, 1, -2, -2,
    0, 0, 0, 0, 0, 0, 0, 0,
    0, 0, 0, 0, 0, -3, 0, -3,
    0, 0, 0, 0, 0, 0, 0, 0,
    0, -1, -1, 0, -3, -3, 0, 0,
    0, 0, 0, 1, 0, 0, -2, 0,
    -3, -3, -3, 0, 0, 0, 0, 0,
    0, 0, 0, 0, -2, 0, 0, 0,
    0, -2, -3, 0, 0, 0, 0, 0,
    0, -4, 0, 0, 0, 0, 0, 0,
    0, -8, -2, -8, 5, 0, 0, -5,
    3, 5, 7, 0, -6, -1, -3, 0,
    -1, -12, 3, -2, 2, -14, 3, 0,
    0, 1, -13, 0, -14, -2, -22, -2,
    0, -13, 0, 5, 7, 0, 3, 0,
    0, 0, 0, 1, 0, -5, -3, 0,
    0, 3, 3, -3, 5, -8, -5, 0,
    3, 0, 0, 0, 0, 0, 0, -3,
    0, 0, 0, -3, 0, 0, 0, 0,
    0, -1, -1, 0, -1, -3, 0, 0,
    0, 0, 0, 0, 0, -3, -3, 0,
    -2, -3, -2, 0, 0, -3, 0, 0,
    0, 0, 0, 0, 0, 0, 0, 0,
    0, -2, -2, 0, 0, 0, 0, 0,
    0, -3, 0, 0, 0, 0, 0, 0,
    0, -2, 0, -5, 3, 0, 0, -3,
    1, 3, 3, 0, 0, 0, 0, 0,
    0, -2, 0, 0, 0, 0, 0, 2,
    0, 0, -3, 0, -3, -2, -3, 0,
    0, 0, 0, 0, 0, 0, 2, 0,
    -2, 0, 0, 0, 0, -3, -4, 0,
    0, 0, 3, 0, 5, -5, 0, 0,
    0, 0, 0, 0, 0, 8, -2, 1,
    -8, 0, 0, 7, -13, -13, -11, -5,
    3, 0, -2, -17, -5, 0, -5, 0,
    -5, 4, -5, -16, 0, -7, 0, 0,
    1, -1, 2, -2, 0, 3, 0, -8,
    -10, 0, -13, -6, -5, -6, -8, -3,
    -7, -1, -5, -7, -7, -3, -5, 3,
    -3, 2, 7, -4, -16, -6, -6, -6,
    0, 1, 0, -3, 0, 0, 0, 2,
    0, 3, 0, 0, 0, 0, 0, 0,
    0, 0, 0, 0, 0, -3, 0, -1,
    0, -1, -3, 0, -4, -6, -6, -1,
    0, -8, 0, 0, 0, 0, 0, 0,
    -2, 0, 0, 0, 0, 1, -2, 0,
    0, 0, 0, -3, 3, 0, 0, 0,
    -5, 0, 0, 0, 0, 3, 0, 0,
    0, 0, 0, 0, 0, 0, 12, 0,
    0, 0, 0, 0, 0, 2, 0, 0,
    0, -3, 0, 0, 0, 0, 0, 0,
    0, 0, 0, 0, 0, -5, 0, 3,
    0, 0, 0, 0, 0, 0, 0, 0,
    0, 0, 0, 0, 0, 0, 0, -10,
    0, 0, 0, 0, 0, 0, 0, 0,
    -2, 0, 0, 0, -5, 0, 0, 0,
    0, -13, -8, 0, 0, 0, -4, -13,
    0, 0, -3, 3, 0, -7, 0, 0,
    0, 0, 0, 0, 0, 0, 0, 0,
    -4, 0, 0, -5, 0, 0, 0, 0,
    0, 0, 0, 0, 0, 0, 0, 0,
    -2, 0, 0, -4, 0, 3, 0, 3,
    -27, 0, 0, 0, 0, -5, 0, 0,
    0, 0, 3, 0, 2, -5, -5, 0,
    -3, -3, -3, 0, 0, 0, 0, 0,
    0, -8, 0, -3, 0, -4, -3, 0,
    -6, -6, -8, -2, 0, -5, 0, -8,
    0, 0, 0, 0, 20, 0, 0, 1,
    0, 0, -3, 0, 0, 0, 0, 0,
    0, 3, 0, 0, -5, 0, 0, 0,
    0, -11, 0, 0, 0, 0, 0, -24,
    -5, 8, 8, -2, -11, 0, 3, -4,
    0, -13, -1, -3, 3, -18, -3, 3,
    0, 4, -9, -4, -9, -8, -11, 0,
    0, -15, 0, 15, 0, 0, -1, 0,
    0, 0, -1, -1, -3, -7, -8, -1,
    3, 0, 0, 0, 0, -24, -20, 3,
    5, 0, 0, 0, 0, 0, 0, 0,
    0, 0, 0, 0, 0, 1, 0, 0,
    0, 0, 0, 0, 0, 0, 0, 0,
    0, 0, 0, 0, 0, 0, -3, 0,
    -1, -3, -4, 0, 0, -5, 0, -3,
    0, 0, 0, 0, 0, 0, 0, 0,
    0, 0, 0, 0, 0, 0, 0, 0,
    0, 0, 0, 0, 0, 0, 0, 0,
    0, 0, -1, 0, -5, 0, 0, 5,
    -1, 3, 0, -6, 3, -2, -1, -7,
    -3, 0, -3, -3, -2, 0, -4, -4,
    0, 0, -2, -1, -2, -4, -3, 0,
    0, -3, 0, 3, -2, 0, -6, 0,
    0, 0, -5, 0, -4, 0, -4, -4,
    -3, 0, 0, 0, -2, 3, 2, -1,
    -3, 0, 0, 0, 0, 0, 0, 0,
    0, 0, 0, 0, -5, 3, 0, -4,
    0, -2, -3, -8, -2, -2, -2, -1,
    -2, -3, -1, 0, 0, 0, 0, 0,
    -3, -2, -2, 0, 0, 0, 0, 3,
    -2, 0, -2, 0, 0, 0, -2, -3,
    -2, -2, -3, -2, -2, 0, 0, 0,
    -2, 0, 0, 0, 0, 0, 0, 0,
    2, 10, -1, 0, -7, 0, -2, 5,
    0, -3, -11, -3, 4, 0, 0, -12,
    -4, 3, -4, 2, 0, -2, -2, -8,
    0, -4, 1, 0, 0, -4, 0, 0,
    0, 3, 3, -5, -5, 0, -4, -3,
    -4, -3, -3, 0, -4, 1, -5, -4,
    -3, 0, 0, 0, -2, 8, 3, -3,
    -12, -3, 3, 1, 0, 0, 0, 0,
    0, 0, 0, 0, 0, 3, 0, 0,
    0, 0, 0, 0, 0, 0, 0, 0,
    0, 0, 0, 0, 0, 0, 0, 0,
    0, 0, 0, 0, 0, -4, 0, 0,
    0, 0, 0, 0, 0, 0, 0, 0,
    0, 0, 0, 0, 0, 0, 0, 0,
    0, 0, 0, 0, 0, 0, 0, 0,
    0, 0, 0, 0, 0, 0, 0, 0,
    0, 0, 0, 0, 0, 0, 0, 0,
    0, 0, 0, 0, 0, 0, 0, 0,
    0, 0, 0, 0, -2, 0, 0, 0,
    0, 0, 0, 0, 0, 0, 0, 0,
    0, 0, 0, 0, 0, 0, 0, 0,
    0, 0, 0, 0, 0, 0, 0, 0,
    0, 0, 0, 0, 0, 0, 0, 0,
    0, 0, 0, 0, 0, -2, -3, 0,
    0, 0, 0, 0, 0, 0, 0, 0,
    0, 0, 0, -4, 0, 0, -3, 0,
    0, -3, -3, 0, 0, 0, 0, -3,
    0, 0, 0, 0, -1, 0, 0, 0,
    0, 0, -2, 0, 0, 0, 0, 0,
    0, 0, 0, 0, -2, 0, 0, 0,
    0, 0, -4, 0, -5, 0, 0, 0,
    -8, 0, 2, -6, 5, 1, -2, -12,
    0, 0, -6, -3, 0, -10, -6, -7,
    0, 0, -11, -3, -10, -10, -12, 0,
    -7, 0, 2, 17, -3, 0, -6, -3,
    -1, -3, -4, -7, -5, -9, -10, -6,
    0, 0, 0, 0, 0, -3, -2, -1,
    0, -3, -3, -3, 0, 0, -2, 0,
    1, 0, 0, -18, -2, 8, 6, -6,
    -9, 0, 1, -8, 0, -13, -2, -3,
    5, -24, -3, 1, 0, 0, -17, -3,
    -13, -3, -19, 0, 0, -18, 0, 15,
    1, 0, -2, 0, 0, 0, 0, -1,
    -2, -10, -2, 0, 0, 0, 0, 0,
    0, -17, -20, 2, 0, 0, 0, 0,
    0, 0, 0, 0, -8, 0, -2, 0,
    -1, -7, -12, 0, 0, -1, -4, -8,
    -3, 0, -2, 0, 0, 0, 0, -12,
    -3, -8, -8, -2, -4, -6, -3, -4,
    0, -5, -2, -8, -4, 0, -3, -5,
    -3, -5, 0, 1, 0, -2, -8, 0,
    0, 0, 0, 0, 0, 5, 0, 0,
    -13, -5, -5, -5, 0, -5, 0, 0,
    0, 0, 3, 0, 2, -5, 10, 0,
    -3, -3, -3, 0, 0, 0, 0, 0,
    0, -8, 0, -3, 0, -4, -3, 0,
    -6, -6, -8, -2, 0, -5, 2, 10,
    0, 0, 0, 0, 20, 0, 0, 1,
    0, 0, -3, 0, 0, 0, 0, 0,
    0, 3, 0, 0, -5, 0, 0, 0,
    0, 0, 0, 0, 0, 0, 0, 0,
    -1, 0, 0, 0, 0, 0, -2, -5,
    0, 0, 0, 0, 0, -1, 0, 0,
    0, -3, -3, 0, 0, -5, -3, 0,
    0, -5, 0, 4, -1, 0, 0, 0,
    0, 0, 0, 1, 0, 0, 0, 0,
    0, 0, 0, 0, 0, 4, 0, 0,
    -3, 0, 0, 0, 5, 2, -2, 0,
    -8, -4, 0, 8, -8, -8, -5, -5,
    10, 5, 3, -22, -2, 5, -3, 0,
    -3, 3, -3, -9, 0, -3, 3, -3,
    -2, -8, -2, 0, 0, 8, 5, 0,
    -7, 0, -14, -3, 7, -3, -10, 1,
    -3, -8, -8, -3, -5, 0, 0, 0,
    0, 10, 8, -3, -15, 3, 9, 5,
    3, 0, -4, 0, -7, 0, 2, 8,
    -6, -9, -10, -6, 8, 0, 1, -19,
    -2, 3, -4, -2, -6, 0, -6, -9,
    -4, -4, -2, 0, 0, -6, -5, -3,
    0, 8, 6, -3, -14, 0, -14, -4,
    0, -9, -15, -1, -8, -4, -8, -7,
    -8, 0, 0, 0, 0, 7, 6, -3,
    -18, 5, 9, 5, 0, 0, -3, 0,
    -5, -2, 0, -3, -5, 0, 4, -8,
    3, 0, 0, -14, 0, -3, -6, -4,
    -2, -8, -6, -8, -6, 0, -8, -3,
    -6, -5, -8, -3, 0, 0, 1, 12,
    -4, 0, -8, -3, 0, -3, -5, -6,
    -7, -7, -10, -3, -3, 0, 0, 0,
    0, -5, 0, -2, 1, -3, -3, -3,
    5, 0, -4, 0, -13, -3, 2, 5,
    -8, -9, -5, -8, 8, -3, 1, -24,
    -5, 5, -6, -4, -9, 0, -8, -11,
    -3, -3, -2, -3, -5, -8, -1, 0,
    0, 8, 7, -2, -17, 0, -15, -6,
    6, -10, -17, -5, -9, -11, -13, -8,
    -10, 0, 0, 0, -5, 5, 6, -5,
    -21, 8, 7, 6, 0, 0, 0, 0,
    -3, 0, 0, 3, -3, 5, 2, -5,
    5, 0, 0, -8, -1, 0, -1, 0,
    1, 1, -2, 0, 0, 0, 0, 0,
    0, -3, 0, 0, 0, 0, 2, 8,
    1, 0, -3, 0, 0, 0, 0, -2,
    -2, -3, 0, 0, 1, 0, 0, 0,
    0, 0, 0, 0, 0, 0, 0, 0,
    1, 2, 0, 0, 0, 0, 2, 0,
    -2, 0, 10, 0, 5, 1, 1, -3,
    0, 5, 0, 0, 0, 2, 0, 0,
    0, 0, 0, 0, 0, 0, 0, 0,
    0, 8, 0, 7, 0, 0, 0, 0,
    0, 0, 0, 0, 0, 0, 0, 0,
    1, 0, 0, 4, 0, 0, 1, 0,
    0, 0, 0, 0, 0, -15, 0, -3,
    4, 0, 8, 0, 0, 25, 3, -5,
    -5, 3, 3, -2, 1, -13, 0, 0,
    12, -15, 0, 0, 0, 0, 0, 0,
    0, 0, 0, 0, 0, -17, 10, 36,
    0, 0, 0, 0, 0, 0, 0, 0,
    0, 0, 0, 0, 10, 0, 0, 0,
    8, -15, -8, 2, 8, 0, 0, 0,
    0, 0, 0, 0, 0, 0, 0, 0,
    0, 0, 0, 0, 0, 0, 0, 0,
    0, 0, 0, 0, 0, 0, 0, 0,
    0, 0, -4, 0, 0, -5, -2, 0,
    0, 0, 0, 0, 0, 0, 0, 0,
    0, 0, 0, 0, 0, 0, 0, 0,
    0, 0, 0, 0, 0, 0, 0, 0,
    0, 0, 0, 0, 0, -2, 0, -7,
    0, 0, 1, 0, 0, 3, 33, -5,
    -2, 8, 7, -7, 3, 0, 0, 3,
    3, -3, 0, 0, 0, 0, 0, 0,
    0, 0, 0, 0, 0, -33, 7, 0,
    0, 0, 0, 0, 0, 0, 0, 0,
    0, 0, 0, 0, 3, 4, -2, -3,
    7, 0, -18, 3, 0, 0, 0, 0,
    0, 0, 0, -7, 0, 0, 0, -7,
    0, 0, 0, 0, -6, -1, 0, 0,
    0, -6, 0, -3, 0, -12, 0, 0,
    0, 0, 0, 0, 0, 0, 0, 0,
    0, -17, 0, 0, 0, 0, 1, 0,
    0, 0, 0, 0, 0, -3, 0, 0,
    0, 0, 0, 0, 0, -5, -6, 0,
    0, 0, 0, 0, 0, -4, 0, -7,
    0, 0, 0, -4, 3, -3, 0, 0,
    -7, -3, -6, 0, 0, -7, 0, -3,
    0, -12, 0, -3, 0, 0, -21, -5,
    -10, -3, -9, 0, 0, -17, 0, -7,
    -1, 0, 0, 0, 0, 0, 0, 0,
    0, -4, -5, -2, 0, 0, 0, 0,
    0, -4, -6, 0, -3, 0, 0, 0,
    0, 0, 0, 0, -6, 0, -6, 3,
    -3, 5, 0, -2, -6, -2, -4, -5,
    0, -3, -1, -2, 2, -7, -1, 0,
    0, 0, -23, -2, -4, 0, -6, 0,
    -2, -12, -2, 0, 0, -2, -2, 0,
    0, 0, 0, 2, 0, -2, -4, -2,
    0, 0, 0, 0, -2, 4, 0, 0,
    -2, 0, 0, 0, 0, 0, 0, 0,
    0, 0, 0, 0, 0, 0, 0, 0,
    0, 0, 0, 0, 0, 0, 0, 0,
    0, 0, 0, 0, 0, 0, 0, 0,
    0, 0, 0, 0, 0, 0, 0, 0,
    0, 0, 0, 0, 0, 0, 0, 3,
    0, 0, 0, 0, 0, 0, 0, 0,
    0, 0, 0, 0, 0, 0, 0, 0,
    0, -6, 0, -2, 0, 0, 0, -5,
    3, 0, 0, 0, -7, -3, -5, 0,
    0, -7, 0, -3, 0, -12, 0, 0,
    0, 0, -25, 0, -5, -9, -13, 0,
    0, -17, 0, -2, -4, 0, 0, 0,
    0, 0, 0, 0, 0, -3, -4, -1,
    0, 0, 0, 0, 0, -4, -5, 0,
    -3, 0, 0, 0, 1, 0, 0, 4,
    -3, 0, 8, 13, -3, -3, -8, 3,
    13, 4, 6, -7, 3, 11, 3, 7,
    6, 7, 0, 0, 0, 0, 0, 0,
    0, 0, 0, 0, 0, 16, 12, -5,
    -3, 0, -2, 20, 11, 20, 0, 0,
    0, 3, 0, 0, 0, 0, 0, 0,
    0, 9, 11, -1, -3, 17, 12, 15,
    0, 0, -4, 0, 0, 0, 0, 0,
    0, 0, 0, 0, -2, 0, 0, 0,
    0, 0, 0, 0, 0, 4, 0, 0,
    0, 0, -22, -3, -2, -10, -13, 0,
    0, -17, 0, 0, 0, 0, 0, 0,
    0, 0, 0, 0, 0, 0, 0, 0,
    0, 0, 0, 0, 0, 0, 0, 0,
    0, 0, 0, 0, 0, 0, -4, 0,
    0, 0, 0, 0, 0, 0, 0, 0,
    -2, 0, 0, 0, 0, 0, 0, 0,
    0, 4, 0, 0, 0, 0, -22, -3,
    -2, -10, -13, 0, 0, -10, 0, 0,
    0, 0, 0, 0, 0, 0, 0, 0,
    0, 0, 0, 0, 0, 0, 0, 0,
    0, 0, 0, 0, 0, 0, 0, 0,
    0, 0, 0, 0, -2, 0, 0, 0,
    -6, 3, 0, -3, 2, 5, 3, -8,
    0, -1, -2, 3, 0, 2, 0, 0,
    0, 0, -6, 0, -2, -2, -5, 0,
    -2, -10, 0, 16, -3, 0, -6, -2,
    0, -2, -4, 0, -3, -7, -5, -3,
    0, 0, 0, 0, 0, 0, 0, 0,
    0, -2, -2, -2, 0, 0, -4, 0,
    0, 0, 0, 0, 0, 0, 0, 0,
    -2, 0, 0, 0, 0, 0, 0, 0,
    0, 4, 0, 0, 0, 0, -22, -3,
    -2, -10, -13, 0, 0, -17, 0, 0,
    0, 0, 0, 0, 13, 0, 0, 0,
    0, 0, 0, 0, 0, 0, 0, 0,
    0, 0, 0, 0, 0, 0, 0, 0,
    0, 0, -4, 0, -8, -3, -2, 8,
    -2, -3, -10, 1, -2, 1, -2, -7,
    1, 6, 1, 2, 1, 2, -6, -10,
    -3, 0, -10, -5, -7, -11, -10, 0,
    -4, -5, -3, -3, -2, -2, -3, -2,
    0, -2, -1, 4, 0, 4, -2, 0,
    0, 0, 0, 0, 3, 8, 8, 1,
    -9, -2, -2, -2, 0, 0, 0, 0,
    0, 0, 0, 0, 0, 0, 0, 0,
    -2, -3, -3, 0, 0, -7, 0, -1,
    0, -4, 0, 0, 0, 0, 0, 0,
    0, 0, 0, 0, 0, -15, 0, 0,
    0, 0, 0, 0, 0, 0, 0, 0,
    0, -3, -3, 0, 0, 0, 0, 0,
    0, -3, -6, 0, 0, 0, 0, 0,
    0, 0, 0, 0, -2, 0, 0, -4,
    -3, 3, 0, -4, -5, -2, 0, -7,
    -2, -6, -2, -3, 0, -4, 0, 0,
    0, 0, 0, 0, 0, 0, 0, 0,
    0, -17, 0, 8, 0, 0, -5, 0,
    0, 0, 0, -3, 0, -3, 0, 0,
    0, 0, 0, 0, -2, -1, -5, 0,
    0, 0, 0, 0, 0, 0, -2, 0,
    -6, 0, 0, 11, -3, -8, -8, 2,
    3, 3, -1, -7, 2, 4, 2, 8,
    2, 8, -2, -7, 0, 0, -10, 0,
    0, -8, -7, 0, 0, -5, 0, -3,
    -4, 0, -4, 0, -4, 0, -2, 4,
    0, -2, -8, -3, 0, 0, 0, 0,
    0, 9, 8, 0, -8, 0, 0, 0,
    0, 0, -2, 0, -5, 0, 0, 3,
    -6, 0, 3, -3, 2, 0, 0, -8,
    0, -2, -1, 0, -3, 3, -2, 0,
    0, 0, -10, -3, -6, 0, -8, 0,
    0, -12, 0, 9, -3, 0, -5, 0,
    2, 0, -3, 0, -3, -8, 0, -3,
    0, 0, 0, 0, 0, 3, 1, 0,
    0, 0, 0, 0, 0, 0, 0, 0,
    -2, 0, 0, 3, -3, 1, 0, 0,
    -3, -2, 0, -3, 0, 0, 0, 0,
    0, 0, 0, 0, 0, 0, 0, 0,
    0, 0, 0, 0, 0, -16, 0, 6,
    0, 0, -2, 0, 0, 0, 0, 1,
    0, -3, -3, 0, 0, 0, 0, 0,
    0, 0, 0, 0, 0, 0, 0, 0,
    0, 0, 0, 0, 0, 0, 0, 0,
    0, 1, 10, 0, -5, 0, 0, 0,
    0, 0, 0, 0, 0, -1, 0, 0,
    0, 0, 0, 0, 0, 0, 0, 0,
    0, -14, 1, 3, 0, 0, 0, 0,
    0, 0, 0, 0, 0, 0, 0, 0,
    0, 0, 0, -5, 0, 0, 0, 0,
    0, 0, 0, 0, 0, 0, -3, 0,
    -9, 0, 0, 7, -8, -1, 3, -9,
    4, -3, -3, -9, -3, 2, -8, -5,
    -8, 0, -3, -12, 0, -5, 0, 0,
    0, -3, 3, 0, 0, 4, 1, 4,
    -10, 0, -8, -5, -6, -5, -10, -5,
    -7, -5, -6, -10, -6, 0, 0, 0,
    -3, 0, 3, -3, -6, -5, 7, 2,
    0, 0, 0, 0, 0, 0, 0, 0,
    2, -3, 0, 0, 0, -2, 0, 0,
    0, -3, 0, 0, 0, 0, 0, 0,
    0, 0, 0, 0, 0, 0, 0, 0,
    0, 0, 0, -2, 0, 0, 0, 0,
    0, 0, 0, 0, 0, 0, 0, 0,
    0, 0, 0, 0, 0, 0, 0, 0,
    -2, 0, 0, 0, 3, 5, 0, 0,
    0, 0, 4, 0, -6, -8, -8, -3,
    8, 0, 3, -3, 0, 7, -3, 0,
    -10, 0, 0, 0, 0, 0, 0, 0,
    0, 0, 0, 0, 0, 13, 4, -3,
    0, 0, 0, 0, 0, 0, 0, 0,
    0, 0, 0, 0, -5, 0, 0, 0,
    0, 0, 0, 0, -10, 0, 0, 0,
    0, 0, 0, 0, 0, 0, 0, 0,
    5, 0, 6, 0, 0, 0, 0, 4,
    0, 2, 3, 0, 0, 0, 0, 0,
    0, 0, 0, 0, 0, 0, 0, 0,
    0, 0, 0, 2, 0, 0, 0, 0,
    0, 0, 0, 0, 0, 0, 0, 0,
    0, 0, 0, 0, 0, 0, 0, 0,
    0, 0, 0, 0, 0, 0, 0, 0,
    0, 0, 0, 0, -3, 1, 2, 0,
    -1, 0, 0, 2, 2, 0, 0, 0,
    0, -3, 0, 0, 0, 0, 0, 0,
    0, 0, 0, 0, 0, -15, 0, 3,
    0, 0, 0, 0, 0, 0, 0, 0,
    0, 0, 0, 0, 0, 0, 0, 0,
    0, 0, 0, 0, 2, 0, 0, 0,
    0, 5, 0, 6, 0, 0, 0, 0,
    0, -16, -15, 1, 11, 8, 4, -10,
    2, 11, 0, 9, 0, 5, 0, 0,
    0, 0, 0, 0, 0, 0, 0, 0,
    0, 14, 0, 0, 0, 0, 0, 0,
    0, 0, 0, 0, 0, 0, 0, 0,
    0, 0, 0, 0, 0, 0, 0, 0,
    -16, 0, 0, 0, -1, -9, 0, -15,
    -4, 0, 0, 0, -10, 1, 10, -12,
    -11, 0, 0, -11, 0, -11, -11, 0,
    -1, -34, 0, 0, 0, 0, 0, 0,
    0, 0, 0, 0, 0, -24, 2, 13,
    0, 0, 0, 0, 0, 0, 0, 0,
    0, 0, 0, 0, 0, 2, -5, -13,
    1, -15, -23, -3, -7, 0, 0, 0,
    0, 0, 0, 0, 0, 0, 0, 0,
    0, -6, -8, 0, -5, -6, -5, 0,
    -3, 0, 0, 0, 0, -8, 0, -8,
    0, -10, -6, 0, -3, -8, -8, -5,
    0, -10, 0, -8, -3, 0, 0, 0,
    -3, 0, 0, 1, 0, 0, -3, 0,
    0, 0, 0, 0, 0, 0, 0, 0,
    -6, 0, 0, 0, 0, 0, -4, 0,
    0, 0, 0, 20, 0, 0, 0, 0,
    -2, 0, 0, 0, 0, 0, 0, 0,
    0, 10, 0, 0, 0, 0, -22, -3,
    -2, -10, -13, 0, 0, -17, 0, 0,
    0, 0, 0, 0, 0, 0, 0, 0,
    0, 0, 0, 0, 0, 0, 0, 0,
    0, 0, 0, 0, 0, 0, 0, 0,
    0, 0, 0, 0, 0, 0, 0, 3,
    0, -5, 0, 2, 0, 0, -2, 0,
    0, 0, 0, 0, 0, -2, 0, 0,
    0, 0, 0, 0, 0, 0, 0, 0,
    0, -3, 0, -5, 0, 0, 0, 0,
    0, 0, 0, 0, 0, 0, 0, 0,
    0, 0, 0, 0, 0, 5, 0, 0,
    -2, 0, 0, 0
};


/*Collect the kern class' data in one place*/
static const lv_font_fmt_txt_kern_classes_t kern_classes =
{
    .class_pair_values   = kern_class_values,
    .left_class_mapping  = kern_left_class_mapping,
    .right_class_mapping = kern_right_class_mapping,
    .left_class_cnt      = 71,
    .right_class_cnt     = 60,
};

/*--------------------
 *  ALL CUSTOM DATA
 *--------------------*/

#if LV_VERSION_CHECK(8, 0, 0)
/*Store all the custom data of the font*/
static  lv_font_fmt_txt_glyph_cache_t cache;
static const lv_font_fmt_txt_dsc_t font_dsc = {
#else
static lv_font_fmt_txt_dsc_t font_dsc = {
#endif
    .glyph_bitmap = glyph_bitmap,
    .glyph_dsc = glyph_dsc,
    .cmaps = cmaps,
    .kern_dsc = &kern_classes,
    .kern_scale = 16,
    .cmap_num = 5,
    .bpp = 4,
    .kern_classes = 1,
    .bitmap_format = 0,
#if LV_VERSION_CHECK(8, 0, 0)
    .cache = &cache
#endif
};


/*-----------------
 *  PUBLIC FONT
 *----------------*/

/*Initialize a public general font descriptor*/
#if LV_VERSION_CHECK(8, 0, 0)
const lv_font_t lv_font_montserrat_16 = {
#else
lv_font_t lv_font_montserrat_16 = {
#endif
    .get_glyph_dsc = lv_font_get_glyph_dsc_fmt_txt,    /*Function pointer to get glyph's data*/
    .get_glyph_bitmap = lv_font_get_bitmap_fmt_txt,    /*Function pointer to get glyph's bitmap*/
    .line_height = 25,          /*The maximum line height required by the font*/
    .base_line = 6,             /*Baseline measured from the bottom of the line*/
#if !(LVGL_VERSION_MAJOR == 6 && LVGL_VERSION_MINOR == 0)
    .subpx = LV_FONT_SUBPX_NONE,
#endif
#if LV_VERSION_CHECK(7, 4, 0) || LVGL_VERSION_MAJOR >= 8
    .underline_position = -1,
    .underline_thickness = 1,
#endif
    .dsc = &font_dsc           /*The custom font data. Will be accessed by `get_glyph_bitmap/dsc` */
};



#endif /*#if LV_FONT_MONTSERRAT_16*/

